cddaId,cddaCountryCode,cddaRegionCode,siteName,legalFoundationDate,FDsource
555640464,FR,FR,Reseau De Tourbieres Du Plateau De Montselgues,1997,.http://www.pole-gestion.fr/d/reseau-de-tourbieres-du-plateau-de-montselgues/ .. or 2008? https://www.cen-rhonealpes.fr/wp-content/uploads/2013/12/Plan-Gestion-Simplifie%CC%81-Tourbie%CC%80res-Montselgues-2018.pdf
555640476,FR,FR,Ens Marais De La Haute-Versoix Et De Brou,2001,2001 from https://eunis.eea.europa.eu/sites/FR8201644 .. better source?: https://www.cen-rhonealpes.fr/wp-content/uploads/2013/12/PDGS-Marais-Versoix.pdf
555547082,FR,FR,Coteaux De La Vallee De La Bienne,1998,another example of protection due to falling agricultural output http://cen-franchecomte.org/fich_59521/fiche-site-coteaux-villard-sur-bienne.pdf
555546607,FR,FR,Coteau Des Champs Genets,,Coteau Des Champs Genets
555546852,FR,FR,Zones Humides Du Val-De-Gueblange,,earliest management date appears to be 1998: https://rhin-meuse.eaufrance.fr/resultats-ZHUM?perimetre[57_AQUA_0085]
555640367,FR,FR,Bocage Et Boisements De Plibou,2020,Finding a better source would be nice https://reseau-cen.org/fr/actualites-agenda/conservatoire-d-espaces-naturels-de-nouvelle-aquitaine-acquisition-et-location-de-60-ha-dans-les
555640515,FR,FR,Marais De Brognin,,good example of land becoming unproductive then (increase forest) then gets park designation https://www.cen-rhonealpes.fr/wp-content/uploads/2013/12/pdgs_Brognin.pdf
555546684,FR,FR,"Val D'Allier - Les Noix, Les Graves, Les Muriers",2012,http://cen-allier.org/?map-location=les-noix-les-graves-les-muriers-chatel-de-neuvre&cm-ajax=1
555640093,FR,FR,Le Thuit - La Roquette,,http://cen-normandie.fr/sites-et-milieux-naturels/le-thuit-la-roquette
555547124,FR,FR,Prairies De La Rastiere,,http://cen-normandie.fr/sites-et-milieux-naturels/prairies-de-la-rastiere ... maybe 2014? seems more like one mangement event rather than acquisition date
555640026,FR,FR,Zones Humides De La Plaine D'Ogeu,1995,http://docplayer.fr/77092612-Zones-humides-de-la-plaine-d-ogeu.html
555640233,FR,FR,"Coteaux De Dannes-Camiers, Coteau Des Anglettes Et Coteau Du Fond Des Barges",,http://docplayer.fr/81331553-Gestion-ecologique-des-coteaux-de-dannes-camiers.html
555546986,FR,FR,Ruisseau De Macre,2002,http://etude.biodiversite-poitou-charentes.org/Le-ruisseau-de-Macre-Document-d.html
555640037,FR,FR,Gergovie/Puy-De-Mardoux,,http://geolfrance.brgm.fr/sites/default/files/upload/documents/gf1-1-2020.pdf
555546965,FR,FR,Marais De Clussais-La Pommeraie,,"http://macommune.biodiversite-nouvelle-aquitaine.fr/commune/Clussais-la-Pommeraie-79190 <--- maybe 1999? seems like general law, maybe not site specific http://www.cren-poitou-charentes.org/sites-conservatoire/fiches-sites/marais-de-clussais-la-pommeraie"
555546977,FR,FR,Prairies De Lezay,1999,http://macommune.biodiversite-nouvelle-aquitaine.fr/commune/Lezay-79120
555640379,FR,FR,Landes Et Pelouses De Lussac-Sillars,2004,http://montmorillonnais.n2000.fr/sites/montmorillonnais.n2000.fr/files/documents/page/Lettre20info20Lussac20nC2B0420-202010.pdf
555640215,FR,FR,Vallee De La Meuse,,http://vallee-meuse.n2000.fr/je-souhaite/proteger-le-site/natura-2000
555640359,FR,FR,Marais De Bessines A L'Ouchette,2003,http://webissimo.developpement-durable.gouv.fr/IMG/pdf/Atlas_Deux_Sevres_Cahier_1_2_classes_cle111477.pdf
555546982,FR,FR,Marais De Saint-Hilaire-La-Palud - Arcais,2003,http://webissimo.developpement-durable.gouv.fr/IMG/pdf/Atlas_Deux_Sevres_Cahier_1_2_classes_cle111477.pdf
555640360,FR,FR,Marais De Saint-Georges-De-Rex - Amure,2003,http://webissimo.developpement-durable.gouv.fr/IMG/pdf/Atlas_Deux_Sevres_Cahier_1_2_classes_cle111477.pdf
555640329,FR,FR,Iles De Brehemont (Les),1996,"http://webissimo.developpement-durable.gouv.fr/IMG/pdf/cen0056_les_iles_de_la_loire_a_brehemont_cle73b1c3.pdf page 5 lists several protection dates, earliest in 1996 and latest in 2014. I chose 1996 becuase it became a regional park"
555640101,FR,FR,"Marais De Giez, Doussard Et Faverges",1990,http://www.auvergne-rhone-alpes.developpement-durable.gouv.fr/IMG/pdf/4D3D1d01_cle557823.pdf
555546970,FR,FR,Tourbieres De Prin-Deyrancon,,http://www.biodiversite-poitou-charentes.org/Travaux-de-gestion-sur-le-site-des-tourbieres-de-Prin.html .... maybe 1999? http://macommune.biodiversite-nouvelle-aquitaine.fr/commune/Prin-Deyran%C3%A7on-79210
555546601,FR,FR,Alpage De La Cha,1996,http://www.cen-haute-savoie.org/alpage-cha
555640562,FR,FR,Marais De Pagny-Foug-Lay St Remy,1992,http://www.cen-lorraine.fr/medias/fichiers/cg54_infosite_lay_st_remy_no1_3_1.pdf
555640231,FR,FR,Etang De La Galoperie,2013,http://www.citoyen-de-la-nature.fr/letang-de-la-galoperie-anor-nord
555640137,FR,FR,Basse Plaine De L'Aude Et Collines D'Enserune,1986,http://www.conservatoire-du-littoral.fr/siteLittoral/171/28-basse-plaine-de-l-aude-34_herault.htm
555640530,FR,FR,Marais De Chautagne,1999,http://www.conservatoire-du-littoral.fr/siteLittoral/345/28-marais-de-chautagne-73_savoie.htm
555640144,FR,FR,Lande Humide Des Chaux,2010,http://www.conservatoirelimousin.com/actualites-detail/items/landes-humides-les-chaux.html
555559656,FR,FR,Tourbiere Du Ruisseau De La Grande Ribiere,2012,http://www.conservatoirelimousin.com/actualites-detail/items/travaux-de-restauration-tourbiere-du-ruisseau-de-la-grande-ribiere.html
555640206,FR,FR,Tourbiere Du Chaumadour,2008,http://www.conservatoirelimousin.com/agenda-detail/events/sortie-nature-tourbiere-du-chaumadour.html
555640191,FR,FR,Landes Et Tourbiere De Giat - St Fourchat,1999,http://www.conservatoirelimousin.com/la-carte-des-sites/site/38-landes-et-tourbiere-de-giat-st-fourchat.html
555640169,FR,FR,Tourbiere De La Ferriere,1995,http://www.conservatoirelimousin.com/la-liste-des-sites/site/11-tourbiere-de-la-ferriere.html
555640185,FR,FR,Tourbiere Et Landes D'Ars Et Du Pont Tord,2001,http://www.conservatoirelimousin.com/la-liste-des-sites/site/24-tourbiere-et-landes-dars-et-du-pont-tord.html
555640181,FR,FR,Lande Et Tourbiere De Combe-Prunde,2006,http://www.conservatoirelimousin.com/la-liste-des-sites/site/25-lande-et-tourbiere-de-combe-prunde.html
555640164,FR,FR,Tourbiere Et Landes Du Pont De La Pierre,2000,http://www.conservatoirelimousin.com/la-liste-des-sites/site/37-tourbiere-et-landes-du-pont-la-pierre.html
555640190,FR,FR,Gite A Chiropteres Des Tours De Merle,,http://www.conservatoirelimousin.com/la-liste-des-sites/site/39-gite-a-chiropteres-des-tours-de-merle.html
555640143,FR,FR,Etang Et Tourbiere De Chabannes,2004,http://www.conservatoirelimousin.com/la-liste-des-sites/site/45-etang-et-tourbiere-de-chabannes.html
555640168,FR,FR,Landes Serpentinicoles De Saint-Laurent,1995,http://www.conservatoirelimousin.com/la-liste-des-sites/site/4-landes-serpentinicoles-de-saint-laurent.html
555640196,FR,FR,Puy De Razel Et Redond Bord,2004,http://www.conservatoirelimousin.com/la-liste-des-sites/site/59-puy-de-razel-et-redond-bord.html
555640179,FR,FR,Tourbiere De La Gane Des Nouhauts,2003,http://www.conservatoirelimousin.com/la-liste-des-sites/site/61-tourbiere-de-la-gane-des-nouhauts.html
555546791,FR,FR,Bois Sur Pente De La Vieille Eglise,2000,http://www.conservatoirelimousin.com/la-liste-des-sites/site/72-bois-sur-pente-de-la-vieille-eglise.html
555546775,FR,FR,Tourbiere Et Lande Des Recours,1997,http://www.conservatoirelimousin.com/la-liste-des-sites/site/8-tourbiere-et-lande-des-recours.html
555640204,FR,FR,Bois Sur Pente Du Saut De La Virolle,1995,http://www.conservatoirelimousin.com/la-liste-des-sites/site/91-bois-sur-pente-du-saut-de-la-virole.html
555640208,FR,FR,Tourbiere De Rebiere-Negre Et Lande Du Gue,2003,http://www.conservatoirelimousin.com/la-liste-des-sites/site/95-tourbiere-de-rebiere-negre-et-lande-du-gue.html
555640207,FR,FR,Landes De La Butte De Frochet,1993,http://www.conservatoirelimousin.com/tl_files/cen_limousin/contenus/Fichiers/fichedesite/fiche_frochet.pdf
555640023,FR,FR,Tourbieres De Vendoire,2001,http://www.cren-aquitaine.fr/patrimoine/fiches/fiche_vendoire.pdf
555640025,FR,FR,Coteau De Lembeye,1997,http://www.cren-aquitaine.fr/patrimoine/fiches/PSLembeye.pdf
555640085,FR,FR,Les Coteaux D'Amfreville-Sous-Les-Monts,,http://www.cren-haute-normandie.com/carte/fiches/Site_Amfreville.pdf
555640095,FR,FR,Les Coteaux De St-Pierre-Du-Vauvray A Vironvay,2003,http://www.cren-haute-normandie.com/carte/fiches/Site_SPV.pdf
555640365,FR,FR,Pree Des Cosses,2016,http://www.cren-poitou-charentes.org/acquisition-la-pree-des-cosses-deux-sevres
555640368,FR,FR,Boucles De La Dive Du Sud,1993,http://www.cren-poitou-charentes.org/decouverte-des-oiseaux-des-plaine-et-marais-de-sainte-soline-79-communique-de-presse
555640358,FR,FR,Plaine Et Marais De Sainte-Soline,1993,http://www.cren-poitou-charentes.org/decouverte-des-oiseaux-des-plaine-et-marais-de-sainte-soline-79-communique-de-presse
555546966,FR,FR,Marais Et Coteaux De Hanc,2016,http://www.cren-poitou-charentes.org/marais-et-coteaux-de-hanc-deux-sevres
555546980,FR,FR,Marais De La Garette,1995,http://www.cren-poitou-charentes.org/publications/lettres-dinformations/marais-de-la-garette-deux-sevres-la-lettre
555546941,FR,FR,Vallee Des Eaux Claires,1998,http://www.cren-poitou-charentes.org/publications/lettres-dinformations/vallee-des-eaux-claires-charente-la-lettre
555546943,FR,FR,Brandes De Soyaux,,http://www.cren-poitou-charentes.org/sites-conservatoire/fiches-sites/brandes-de-soyaux-charente
555640375,FR,FR,Landes De Sainte-Marie,1997,http://www.cren-poitou-charentes.org/sites-conservatoire/fiches-sites/landes-de-sainte-marie-vienne
555640391,FR,FR,Meulieres De Claix - Chaumes Du Vignac,,http://www.cren-poitou-charentes.org/sites-conservatoire/fiches-sites/les-meulieres-de-claix-charente
555546952,FR,FR,Marais De Broue,,http://www.cren-poitou-charentes.org/sites-conservatoire/fiches-sites/marais-de-brouage-et-tour-de-broue-charente-maritime
555546939,FR,FR,Marais De Saint-Fraigne,1998,http://www.cren-poitou-charentes.org/sites-conservatoire/fiches-sites/marais-de-saint-fraigne-charente
555640382,FR,FR,Terrain Militaire De Montmorillon,1995,http://www.cren-poitou-charentes.org/sites-conservatoire/fiches-sites/terrain-militaire-de-montmorillon-vienne-fiche-site
555546935,FR,FR,Carrieres De Touverac,1996,http://www.cren-poitou-charentes.org/sites-conservatoire/se-promener-sur-les-sites/carrieres-de-touverac-fiche-balade
555546968,FR,FR,Landes De La Borderie,2002,http://www.cren-poitou-charentes.org/sites-conservatoire/se-promener-sur-les-sites/landes-de-la-borderie-charente-fiche-balade CREN has been working on the site since 2002
555640383,FR,FR,Val De Clouere,2004,http://www.cren-poitou-charentes.org/sites-conservatoire/se-promener-sur-les-sites/val-de-clouere-fiche-balade
555546990,FR,FR,Vallees Seches De Buxerolles,2004,http://www.cren-poitou-charentes.org/sites-conservatoire/se-promener-sur-les-sites/vallee-des-buis-vienne-fiche-balade
555546963,FR,FR,Marais De La Greve-Sur-Mignon,1993,http://www.cren-poitou-charentes.org/stage-elaboration-de-document-de-gestion-deux-sevres-et-charente-maritime
555546994,FR,FR,Tourbiere Des Regeasses,2000,http://www.cren-poitou-charentes.org/travaux-tourbiere-des-regeasses-vienne-2018
555546974,FR,FR,Vallees De La Sevre Niortaise Amont,2012,http://www.cren-poitou-charentes.org/vallee-de-la-sevre-niortaise-amont-travaux-de-gestion-deux-sevres-2015
555546976,FR,FR,Coteaux D'Availles-Thouarsais,,http://www.cren-poitou-charentes.org/wp-content/uploads/2016/10/Coteaux_Availles_Thouarsais_cenpc-1.pdf
555559720,FR,FR,"Pelouses Seches Des Vallons De Tote D'Homme, Sonnaize, Tourniers Et Ecalon",2006,http://www.genieecologique.fr/sites/default/files/documents/rex/3-rex_cdr_ge.pdf
555546891,FR,FR,Pelouse Calcaire Et Foret De Buis Du Stromberg,2005,"http://www.maisondelanature.eu/en/2011/09/04/pelouses-calcaires-et-foret-de-buis-du-stromberg/ french part protected in 2005, lux side in 1993"
555640399,FR,FR,Val De Seugne,2001,http://www.natura.org/sites_fr_seugnes.html
555546790,FR,FR,Rochers De Clamouzat,1988,http://www.nouvelle-aquitaine.developpement-durable.gouv.fr/IMG/pdf/20_Fiche_rochers_chamouzat_faux_23_cle6167d4.pdf ... alternative date or additnl protection in 2008?: https://fauxlamontagne.fr/rochers-de-clamouzat/
555640139,FR,FR,Landes Serpentinicoles De La Flotte Et Du Cluzeau,1997,http://www.nouvelle-aquitaine.developpement-durable.gouv.fr/IMG/pdf/docob_serpentines_sud87_3_cle2313df.pdf
555640138,FR,FR,Costieres De Nimes,2006,http://www.occitanie.developpement-durable.gouv.fr/IMG/pdf/Fiche_de_synthese_Costieres_nimoises_cle14df44.pdf
555640099,FR,FR,Bords De L'Arve A Vougy,2009,http://www.pole-gestion.fr/d/bords-de-l-arve-a-vougy/
555640477,FR,FR,Ens Du Lac Genin Et Des Tourbieres Des Renons Et Des Molonnes,,http://www.pole-gestion.fr/d/ens-lac-genin-tourbiere-des-molonnes/
555640472,FR,FR,Tourbieres De Creux De L'Ane Et Mont L'Hermet,2015,http://www.pole-gestion.fr/d/tourbieres-de-creux-de-l-ane-mont-l-hermet-et-rochessac-nord/
555640469,FR,FR,Tourbieres De La Grande Pierre Bazanne,2005,http://www.pole-gestion.fr/d/tourbieres-de-la-grande-pierre-bazanne/
555640478,FR,FR,"Tourbieres De Geneste, De La Vestide Et Des Narces",2004,http://www.pole-gestion.fr/uploads/media/gestion/0001/04/pdg_2015_2020.pdf ... see page 40. The land was going out of use for years before it was protected. Might be a good image to include in the paper/supplemental figures. 
555546668,FR,FR,"Tourbieres De La Verrerie, Du Font De L'Aigle Et De Prat Sauvage",2007,http://www.pole-gestion.fr/uploads/media/gestion/0001/04/pdg_verrerie_font_aigle_prat_sauvage_2014_2018_1.pdf
555546946,FR,FR,Tourbieres De La Lizonne,,http://www.rivieres-dronne.com/principaux-cours-d-eau-du-bassin/les-principaux-cours-d-eau/la-lizonne?limitstart=0
555640361,FR,FR,Tourbiere Du Bourdet - Amure,1990,"http://www.sevre-niortaise.fr/IIBSN_/wp-content/uploads/rapport_Bourdet-Avril-2013.pdf page 8, protected in 1990. Renewal of protection in 2006."
555547056,FR,FR,Ubac Des Maures,2008,http://www1.onf.fr/midimed/sommaire/patrimoine_a_decouvrir/nos_reserves_biologiques/20151104-111545-917813/@@index.html
555640241,FR,FR,Le Trou Boully,,http://zones-humides.org/le-trou-boully-%C3%A0-l%E2%80%99honneur
555546975,FR,FR,Champs-Pourris,,https://archives.marne.fr/search/results?target=controlledAccessGeographicName&keyword=Champs%20Pourris
555546955,FR,FR,Marais Du Passage De La Ronde,2005,https://biodiversite.parc-marais-poitevin.fr/wp-content/uploads/2019/05/synthese-rhopaloceres-MP-2007.pdf
555640525,FR,FR,La Bialle - Les Bassins-Mollard,2005,https://carmen.developpement-durable.gouv.fr/IHM/metadata/RHA//Publication/zones_humides/73CPNS2008.pdf ... but maybe also 1993?: http://aiton.webcollectivites.fr/site/wp-content/uploads/2019/07/Biotope2.pdf
555547066,FR,FR,Marais De Bondeloge,,https://carmen.developpement-durable.gouv.fr/IHM/metadata/RHA//Publication/zones_humides/73CPNS2014.pdf
555640449,FR,FR,Plaine Alluviale De L'Alagnon,,https://cen-auvergne.fr/sites/default/files/fichiers/plaine_alluviale_alagnon.pdf
555640448,FR,FR,Lac-Tourbiere De Bourdouze,,https://cen-auvergne.fr/sites-et-milieux-naturels/lac-tourbiere-de-bourdouze
555640491,FR,FR,Marais Du Cassan Et De Prentegarde,2006,https://cen-auvergne.fr/sites-et-milieux-naturels/marais-du-cassan-et-de-prentegarde
555640458,FR,FR,Val D'Allier- Boudemange,,https://cen-auvergne.fr/sites-et-milieux-naturels/val-d-allier-boudemange
555640453,FR,FR,Val D'Allier- Domaine De Parentignat,,https://cen-auvergne.fr/sites-et-milieux-naturels/val-d-allier-domaine-de-parentignat
555546675,FR,FR,Val D'Allier- Le Pacage Des Vaches,,https://cen-auvergne.fr/sites-et-milieux-naturels/val-d-allier-le-pacage-des-vaches
555640053,FR,FR,Val D'Allier- Les Guilleminauds,,https://cen-auvergne.fr/sites-et-milieux-naturels/val-d-allier-les-guilleminauds
555640044,FR,FR,Vallee Des Reblats Et Environs,,https://cen-auvergne.fr/sites-et-milieux-naturels/vallee-des-reblats-et-environs
555559695,FR,FR,Pelouse De Champ Cognier A Les Riceys,,https://cen-champagne-ardenne.org/sites-naturels/pelouse-champ-cognier
555547045,FR,FR,La Grande Piece Et Les Echelles,,https://cen-hautsdefrance.org/la-grande-piece-et-les-echelles
555640353,FR,FR,La Pelouse Manable,,https://cen-hautsdefrance.org/la-pelouse-manable
555547001,FR,FR,Le Grand Marais Et Le Fleuriche,,https://cen-hautsdefrance.org/le-grand-marais-et-le-fleuriche
555640295,FR,FR,Le Larris D'Hangest-Sur-Somme,,https://cen-hautsdefrance.org/le-larris-d-hangest-sur-somme
555640243,FR,FR,Le Marais Communal De Morcourt,,https://cen-hautsdefrance.org/le-marais-communal-de-morcourt-0
555640252,FR,FR,Le Marais De Belloy-Sur-Somme,2003,https://cen-hautsdefrance.org/le-marais-de-belloy-sur-somme-0
555547048,FR,FR,Le Marais De Hailles,,https://cen-hautsdefrance.org/le-marais-de-hailles-0
555640242,FR,FR,Le Marais De Picquigny,2003,https://cen-hautsdefrance.org/le-marais-de-picquigny part of a peatland network
555640247,FR,FR,Le Marais De Tirancourt,,https://cen-hautsdefrance.org/le-marais-de-tirancourt
555640352,FR,FR,Le Marais Et Les Petits Monts,,https://cen-hautsdefrance.org/le-marais-et-les-petits-monts
555640299,FR,FR,Les Etangs De Machecourt,,https://cen-hautsdefrance.org/les-etangs-de-machecourt
555546998,FR,FR,Les Prairies De Condren - Beautor,,https://cen-hautsdefrance.org/les-prairies-de-condren-beautor
555547007,FR,FR,Les Prairies De Quierzy,,https://cen-hautsdefrance.org/les-prairies-de-quierzy-0
555547046,FR,FR,Les Prairies Inondables De Noyon,2004,"https://cen-hautsdefrance.org/les-prairies-inondables-de-noyon <- part of Moyenne Vallee de LOise, est in 2004: https://eunis.eea.europa.eu/sites/FR2210104"
555640297,FR,FR,Rnn - Les Landes De Versigny,1995,https://cen-hautsdefrance.org/rnn-les-landes-de-versigny and https://www.reserves-naturelles.org/landes-de-versigny confirmed 2x
555640249,FR,FR,Les Marais D'Epagne-Epagnette,2008,https://cen-hautsdefrance.org/sites/default/files/fichiers/livret_mvs_low.pdf
555640103,FR,FR,Zone Humide De Crosagny-Beaumont-Braille,,https://cen-hautsdefrance.org/sites/default/files/fichiers/plaq_monchy.pdf
555640326,FR,FR,Ile Garaud (L'),,https://centrederessources-loirenature.com/sites/default/files/fichiers/020_sabliere_ilegaraud_2013.pdf
555546596,FR,FR,Prairie Du Fouzon,1989,https://conservatoiresites41.com/les-sites-preserves/les-sites-faune-et-flore/42-les-prairies-du-fouzon
555640253,FR,FR,Les Carrieres De Mahy Et Sur Saudraies,,https://docplayer.fr/10794076-Connaissance-preservation-gestion-et-valorisation-du-patrimoine-naturel-de-la-region-picardie.html
555546694,FR,FR,Vallee Du Fossat,2000,https://ens.puy-de-dome.fr/les-ens/vallee-du-fossat.html
555546842,FR,FR,La Champagne A Menonville,,https://eunis.eea.europa.eu/sites/555546842
555546887,FR,FR,Pelouses De La Cote Raide,,https://eunis.eea.europa.eu/sites/555546887
555547063,FR,FR,Marais De Billieme,,https://eunis.eea.europa.eu/sites/555547063
555639962,FR,FR,Untermamberg,,https://eunis.eea.europa.eu/sites/555639962
555640451,FR,FR,Val D'Allier- Le Meplan,,https://eunis.eea.europa.eu/sites/555640451
555640606,FR,FR,Marais De Vittoncourt,1998,https://eunis.eea.europa.eu/sites/FR4100214
555640646,FR,FR,Les Cerneux-Gourinots,2005,https://eunis.eea.europa.eu/sites/FR4301287
555640393,FR,FR,Chaumes Boissieres,2002,https://eunis.eea.europa.eu/sites/FR5400410
555546962,FR,FR,Chaumes De Sechebec,2002,https://eunis.eea.europa.eu/sites/FR5400435
555640403,FR,FR,Landes De Cadeuil,2002,https://eunis.eea.europa.eu/sites/FR5400465
555640374,FR,FR,Bois De L'Hospice,2019,https://eunis.eea.europa.eu/sites/FR5412017#tab-designations
555640638,FR,FR,Etang De Marcenay,2016,https://fr.wikipedia.org/wiki/%C3%89tang_de_Marcenay
555546961,FR,FR,Bois Des Mornards,,https://fr.wikipedia.org/wiki/Bois_des_Mornards
555640346,FR,FR,Reserve Naturelle Regionale Du Marais Des Trous De Leu,2014,https://fr.wikipedia.org/wiki/R%C3%A9serve_naturelle_r%C3%A9gionale_du_marais_les_trous_de_Leu
555640146,FR,FR,Tourbiere Du Longeyroux,1986,https://fr.wikipedia.org/wiki/Tourbi%C3%A8re_du_Long%C3%A9roux
555640427,FR,FR,Tourbieres De Nevache,,https://inpn.mnhn.fr/espace/protege/FR1504300
555640292,FR,FR,Les Communaux De Royaucourt-Et-Chailvet,,https://inpn.mnhn.fr/espace/protege/FR1504439
555640378,FR,FR,Coteaux Et Carrieres D'Ensoulesse,,https://inpn.mnhn.fr/espace/protege/FR3800394 ... maybe 2005?
555547083,FR,FR,Chateau-Le-Bois,2009,https://inpn.mnhn.fr/site/natura2000/FR4301301
555640404,FR,FR,Marais De La Seudre,2003,https://inpn.mnhn.fr/site/natura2000/FR5400432
555640366,FR,FR,Val D'Egray - Citerne De Sainte-Ouenne,2007,https://inpn.mnhn.fr/site/natura2000/FR5402011 Or maybe 2015? https://inpn.mnhn.fr/site/natura2000/FR5402011
555547053,FR,FR,Mare De Lanau,,https://inpn.mnhn.fr/zone/znieff/930012411/tab/commentaires
555547072,FR,FR,Les Delaisses De L'Isere,,https://journals.openedition.org/geocarrefour/7672
555640465,FR,FR,Ens Des Anciens Meandres Du Rhone A Serrieres De Briord,2014,https://patrimoines.ain.fr/n/anciens-meandres-du-rhone-a-serrieres-de-briord/n:1114
555640475,FR,FR,"Ens Carriere, Tourbiere Et Combe De Cerin A Ambleon",2015,https://patrimoines.ain.fr/n/carriere-de-cerin-a-marchamp-tourbiere-de-cerin-et-combe-de-cerin-a-ambleon/n:1118
555640466,FR,FR,Marais De Vaux,,https://patrimoines.ain.fr/n/marais-de-vaux-a-hauteville-lompnes/n:1357#p2630
555640390,FR,FR,Reserve Naturelle Nationale De Chalmessin,1993,https://reserve-chalmessin.org/dates-marquantes
555547118,FR,FR,Reserve Naturelle Regionale Des Etangs De Belval-En-Argonne,2012,https://reserve-etangs-belval-en-argonne.org/sites-naturels/reserve-naturelle-regionale-etangs-belval-en-argonne
555559646,FR,FR,"Pelouse De """"La Charme"""" A Villemoron",,https://reserve-pelouses-villemoron.org/milieux-naturels-6 and https://eunis.eea.europa.eu/sites/555559646
555640540,FR,FR,Tourbiere De La Pierrache,1996,https://stephane-gavoye.fr/2008/12/25/promenade-autour-de-la-tourbiere-de-la-pierrache-bellefontaine-%E2%80%93-vosges/
555640147,FR,FR,Marais Du Brezou,,https://www.agglo-tulle.fr/vie-pratique/tourisme/la-vallee-du-brezou
555640371,FR,FR,Iles De La Vienne,,https://www.amis-chassenon.org/68+les-iles-de-la-vienne.html
555559734,FR,FR,Marais De La Vanne A Villemaur,1991,https://www.aube-champagne.com/en/poi/le-marais-de-la-vanne/ adn https://tourisme-chaource-othe-armance.com/fiche/le-marais-de-la-vanne/
555640410,FR,FR,Marais Du Bourget,,https://www.bourgetenhuile.com/marais-du-bourget-en-huile/ part of des zones humides de la Savoie which started in the 90s: https://www.cen-savoie.org/nature-savoie/espaces-naturels/zones-humides
555640267,FR,FR,Ens Pelouses Et Combes De La Vallee De L'Ouche,1986,https://www.cen-bourgogne.fr/fichiers/pgs__ens_talant_plombie__res-150.pdf
555640342,FR,FR,Clos Molou (Le),1998,https://www.cen-centrevaldeloire.org/component/jnews/mailing/view/listid-2/mailingid-136/listype-1?Itemid=999
555546721,FR,FR,Val D'Herry (Le),1995,https://www.cen-centrevaldeloire.org/un-conservatoire-pour-la-nature/55-espaces-naturels-preserves/cher/146-la-loire-des-iles-commune-de-herry
555547140,FR,FR,Etang Masse (L'),2014,https://www.cen-centrevaldeloire.org/un-conservatoire-pour-la-nature/57-espaces-naturels-preserves/indre/179-letang-masse
555546755,FR,FR,Pelouses De Blere (Les),2005,"https://www.cen-centrevaldeloire.org/un-conservatoire-pour-la-nature/58-espaces-naturels-preserves/indre-et-loire/195-les-pelouses-de-blere-commune-de-blere ... there were two plots, one protected in 2003, a larger in 2005. I went with 2005 bs larger"
555640344,FR,FR,Friches Des Parterres (Les),1997,"https://www.cen-centrevaldeloire.org/un-conservatoire-pour-la-nature/59-espaces-naturels-preserves/loiret/222-friches-des-parterres-ensemble-du-val-de-sully-commune-de-germigny-des-pres The site was acquired between 95 and 99, I picked 97"
555640321,FR,FR,Mares De Sologne,2017,https://www.cen-centrevaldeloire.org/un-conservatoire-pour-la-nature/59-espaces-naturels-preserves/loiret/382-les-mares-et-etangs-de-sologne-canton-de-beaugency
555640290,FR,FR,Pelouses De Bertignolles (Les),2000,https://www.cen-centrevaldeloire.org/un-conservatoire-pour-la-nature/les-espaces-naturels-preserves/58-indre-et-loire/197-les-hauts-de-bertignolles-savigny-en-veron
555640121,FR,FR,Etang De Mai,,"https://www.cen-isere.org/les-autres-sites-en-gestion/etang-de-mai/#toggle-id-1 this website lists many CDDAs, but never provides a date"
555640112,FR,FR,Marais De Cras,,https://www.cen-isere.org/les-autres-sites-en-gestion/marais-de-cras/#toggle-id-3
555640120,FR,FR,Marais De Charvas,1979,https://www.cen-isere.org/wp-content/uploads/2016/01/Marais-Charvas-pg.pdf
555640114,FR,FR,Confluence Bourbre-Catelan,1994,https://www.cen-isere.org/wp-content/uploads/2016/06/BOCA_PG-2010.pdf
555640615,FR,FR,Prairies Du Kohlmatt Et Du Hammelberg,,https://www.cen-lorraine.fr/medias/fichiers/etang_rouge_etang_du_moulin_inswiller.pdf
555546902,FR,FR,Cumenaille,1990,https://www.cen-lorraine.fr/medias/fichiers/site_naturel_de_cumenaille_55.pdf
555640440,FR,FR,Tourbiere De Sagne-Redonde,2001,https://www.cen-rhonealpes.fr/les-territoires/ardeche/tourbiere-de-sagne-redonde/
555640471,FR,FR,Marais De Boistray,1995,https://www.cen-rhonealpes.fr/les-territoires/rhone/marais-de-boistray/
555640532,FR,FR,Boucherance - La Lilette,,https://www.cen-savoie.org/sites/default/files/transferts/publications/documents/FP71-BD.pdf
555640347,FR,FR,"Pelouses Du """"Rebord Du Plateau De Langres """" De Cohons A Chalindrey",1999,https://www.cohons.fr/copie-de-patrimoine
555640054,FR,FR,Val De Loire- Meandre Des Germains,,https://www.documentation.eauetbiodiversite.fr/notice/plan-de-gestion-2013-2017-meandres-des-germains-zone-d-interventions-saint-aubin-sur-loire-et-saint-0
555546713,FR,FR,Sabliere De Cercanceaux (La),2000,"https://www.dordives.com/2015-01-26-08-42-35/tourisme/la-sabliere-de-cercanceaux land went out of use in 1999 and was protected officially in 2002, so I chose 2000. Out of use basically means proteced."
555640543,FR,FR,Etang Rome,2016,https://www.estrepublicain.fr/edition-de-toul/2016/05/30/royaumeix-l-etang-rome-est-desormais-un-bien-collectif .. I used the article date; seems like the announcement. The pond was made by monks
555640355,FR,FR,Blancheres De Viennay,,https://www.europe-en-nouvelle-aquitaine.eu/en/node/9401
555546989,FR,FR,Chaumes De Thorus,,https://www.francebleu.fr/emissions/ca-va-dans-le-bon-sens-frederique-gissot/poitou/chantier-nature-sur-les-chaumes-de-thorus
555546814,FR,FR,La Blanche Cote Et La Cote Sur Le Preye,,https://www.grandest.fr/wp-content/uploads/2019/10/note-synthetique-rnr-pbc-2.pdf
555640156,FR,FR,Tourbiere Du Tronchet,2007,https://www.lamontagne.fr/viam-19170/actualites/la-tourbiere-du-tronchet-a-viam-correze-aux-bons-soins-du-conservatoire-d-espaces-naturels_13920710/
555640318,FR,FR,Prairies Humides De L'Ouanne,2017,https://www.larep.fr/chateau-renard-45220/actualites/les-prairies-humides-de-louanne-seront-protegees_12350018/ ... an article with some of the political actors who preserved the site
555640628,FR,FR,Sud Du Lac Du Bourget,,https://www.lebourgetdulac.fr/lespace-naturel-protege-du-sud-du-lac-du-bourget/
555546629,FR,FR,Foret De Montmain,2003,https://www.leprogres.fr/magazine-tourisme-et-patrimoine/2021/02/10/foret-de-montmain-une-foret-multifacettes
555639938,FR,FR,Marais De Chicheboville,1997,https://www.mairie-moult.fr/?page_id=3895
555640244,FR,FR,Le Marais Des Communes,2004,https://www.oieau.org/eaudoc/system/files/documents/44/222590/222590_doc.pdf
555640354,FR,FR,Etang De Beaurepaire,2012,https://www.ouest-france.fr/nouvelle-aquitaine/genneton-79150/deux-sevres-l-etang-de-beaurepaire-refuge-ecologique-n-est-plus-qu-une-vaste-friche-4bc4c1da-ded8-11ea-8e6c-b0edabb4c134
555546663,FR,FR,Marais De Lavours,1984,https://www.reserve-lavours.com/decouvrir-le-marais/historique-et-fonctionnement
555640583,FR,FR,Reserve Naturelle Rnr Du Bois D'Encade,2001,https://www.reserves-naturelles.org/bois-d-encade
555546653,FR,FR,Bois Du Parc (Est),1979,https://www.reserves-naturelles.org/bois-du-parc
555640276,FR,FR,Rnn Du Bois Du Parc,1979,https://www.reserves-naturelles.org/bois-du-parc
555640102,FR,FR,Rnn Du Bout Du Lac D'Annecy,1977,https://www.reserves-naturelles.org/bout-du-lac-d-annecy
555640106,FR,FR,Rnn De Carlaveyron,1991,https://www.reserves-naturelles.org/carlaveyron
555640328,FR,FR,Chaumes Du Verniller (Les),2014,https://www.reserves-naturelles.org/chaumes-du-verniller
555640000,FR,FR,Reserve Naturelle Regionale Du Bastberg,1989,https://www.reserves-naturelles.org/colline-du-bastberg
555639959,FR,FR,Reserve Naturelle Regionale Des Collines De Rouffach (Bollenberg),2013,https://www.reserves-naturelles.org/collines-de-rouffach
555640065,FR,FR,Reserve Naturelle Regionale Des Collines De Rouffach (Luetzelthal),2013,https://www.reserves-naturelles.org/collines-de-rouffach
555547058,FR,FR,Reserve Naturelle Regionale Des Coteau Et Plateau De Tesse,2009,https://www.reserves-naturelles.org/coteau-et-plateau-de-tesse
555640237,FR,FR,Reserve Naturelle Regionale Du Coteau Et Des Prairies Des Caforts,2009,https://www.reserves-naturelles.org/coteau-et-prairies-des-caforts
555640298,FR,FR,Rnr - Les Coteaux Du Chemin Des Dames,2015,https://www.reserves-naturelles.org/coteaux-du-chemin-des-dames
555546892,FR,FR,Reserve Naturelle - Cote De Delme,2007,https://www.reserves-naturelles.org/cote-de-delme
555640603,FR,FR,Reserve Naturelle - Etang D'Amel,2006,https://www.reserves-naturelles.org/etang-d-amel
555547110,FR,FR,Reserve Naturelle Regionale Etang De Ramerupt,2010,https://www.reserves-naturelles.org/etang-de-ramerupt
555640118,FR,FR,Reserve Naturelle Nationale De L'Etang Du Grand-Lemps,1993,https://www.reserves-naturelles.org/etang-du-grand-lemps
555639989,FR,FR,Reserve Naturelle Regionale De La Foret Des Volcans,2008,https://www.reserves-naturelles.org/foret-des-volcans-de-wegscheid
555546932,FR,FR,Reserve Naturelle Rnr De La Forteresse De Mimoyecques,2012,https://www.reserves-naturelles.org/forteresse-de-mimoyecques
555640133,FR,FR,Rnr Gorges Du Gardon,2007,https://www.reserves-naturelles.org/gorges-du-gardon
555640585,FR,FR,"Reserve Naturelle Rnn Grotte - Pelouses D'Acquin-Westbecourt Et De Wavrans-Sur-L'Aa, Coteaux D'Elnes",2008,https://www.reserves-naturelles.org/grotte-et-pelouses-d-acquin-westbecourt-et-coteaux-de-wavrans-sur-l-aa
555546577,FR,FR,Reserve Naturelle Regionale Du Rothenbach,2008,https://www.reserves-naturelles.org/hautes-chaumes-du-rothenbach
555640254,FR,FR,Rnn De La Truchere-Ratenelle,1980,https://www.reserves-naturelles.org/la-truchere-ratenelle
555639967,FR,FR,Reserve Naturelle Regionale Du Eiblen,1992,https://www.reserves-naturelles.org/l-eiblen-et-l-illfeld
555640261,FR,FR,Rnr Loire Bourguignonne,2015,https://www.reserves-naturelles.org/loire-bourguignonne
555640584,FR,FR,"Reserve Naturelle Rnr Des Marais De Cambrin, Annequin, Cuinchy Et Festubert",2009,https://www.reserves-naturelles.org/marais-de-cambrin-annequin-cuinchy-et-festubert
555640607,FR,FR,Reserve Naturelle De Montenach,1994,https://www.reserves-naturelles.org/montenach
555640228,FR,FR,Reserve Naturelle Rnr Des Monts De Baives Et Parcelles Acquises,1996,https://www.reserves-naturelles.org/monts-de-baives
555546853,FR,FR,Reserve Naturelle - Moselle Sauvage,2006,https://www.reserves-naturelles.org/moselle-sauvage
555559713,FR,FR,"Reserve Naturelle Regionale De La Pelouse De La """"Cote De L'Etang""""",2010,https://www.reserves-naturelles.org/pelouse-de-la-cote-de-l-etang
555640431,FR,FR,Reserve Naturelle Regionale De La Poitevine Regarde-Venir,2009,https://www.reserves-naturelles.org/poitevine-regarde-venir
555546931,FR,FR,Reserve Naturelle Rnr De Pont D'Ardres,2012,https://www.reserves-naturelles.org/pont-d-ardres
555546926,FR,FR,Reserve Naturelle Rnr Des Prairies Du Schoubrouck,2012,https://www.reserves-naturelles.org/prairies-du-schoubrouck
555546927,FR,FR,Reserve Naturelle Rnr Des Prairies Du Val De Sambre,2012,https://www.reserves-naturelles.org/prairies-du-val-de-sambre
555640240,FR,FR,Reserve Naturelle Regionale Des Prairies Et Roseliere Des Dureaux,2001,https://www.reserves-naturelles.org/prairies-et-roseliere-des-dureaux
555640534,FR,FR,Reserve Naturelle Rnr Des Pres Du Moulin Madame,2015,https://www.reserves-naturelles.org/pres-du-moulin-madame
555640535,FR,FR,Reserve Naturelle Rnr Des Riez De Noeux-Les-Auxi,1999,https://www.reserves-naturelles.org/riez-de-noeux-les-auxi
555640042,FR,FR,Rocher De La Jacquette,1976,https://www.reserves-naturelles.org/rocher-de-la-jaquette
555546579,FR,FR,Reserve Naturelle Regionale Des Marais Et Landes Du Rothmoos,1988,https://www.reserves-naturelles.org/rothmoos
555547081,FR,FR,Reserve Naturelle Regionale De Tourbiere De La Grande Pile,2016,https://www.reserves-naturelles.org/tourbiere-de-la-grande-pile
555546845,FR,FR,Reserve Naturelle - Tourbiere Des Charmes,2008,https://www.reserves-naturelles.org/tourbiere-des-charmes
555640170,FR,FR,Reserve Naturelle Nationale De La Tourbiere Des Dauges,1998,https://www.reserves-naturelles.org/tourbiere-des-dauges
555640271,FR,FR,Rnn Du Val De Loire,1995,https://www.reserves-naturelles.org/val-de-loire
555546944,FR,FR,Vallee De La Renaudie,1998,https://www.reserves-naturelles.org/vallee-de-la-renaudie
555546894,FR,FR,Reserve Naturelle - Zone Humide Du Moulin De Velving-Teterchen,2009,https://www.reserves-naturelles.org/zone-humide-du-moulin-de-velving-et-teterchen
555640529,FR,FR,Marais De Chevelu,1990,https://www.savoie-mont-blanc.com/offre/fiche/lacs-et-marais-de-saint-jean-de-chevelu/5216067
555546996,FR,FR,Bocage De Chaunay,2012,https://www.slideshare.net/LISEA_LGVSEA/suivi-bocage-de-chaunay-86-2017-pcn
555559736,FR,FR,Martre De Bel Air,1998,https://www.societe.com/societe/gfa-de-martre-de-bel-air-419424221.html
555547049,FR,FR,Le Marais De La Chaussee,2003,https://www.societe.com/societe/le-marais-de-la-chaussee-448059196.html
555640303,FR,FR,La Vallee D'Acon,1994,https://www.somme.fr/wp-content/uploads/Services/Sports-et-loisirs/Sports-et-loisirs-de-nature/Randonn%C3%A9es/D%C3%A9couverte-des-sites-naturels/06-fiche_vallee_dacon.pdf
555640302,FR,FR,Le Marais De Genonville,1991,https://www.somme-tourisme.com/le-marais-de-genonville/moreuil/pnapic080v50uo2j
555640184,FR,FR,Landes De Marcy,,https://www.tandfonline.com/doi/pdf/10.1080/12538078.2008.10516097
555640288,FR,FR,Meandre De Guilly (Le),1996,https://www.tourismeloiret.com/fr/diffusio/nature/le-meandre-de-guilly-guilly_TFOPCUCENCEN9990064
555639944,FR,FR,Tourbiere Du Vernay,2015,https://www.web-croqueur.fr/tourbiere-du-vernay-un-remarquable-patrimoine-naturel/
555640289,FR,FR,Plaine De Villaine (La),1998,https://www.yumpu.com/fr/document/read/16808508/plaine-de-villaine-le-conservatoire-despaces-naturels-de-la-
555546765,FR,FR,Couffy,2002,"I believe this is actually called Vallée du Cher et coteaux, forêt de Grosbois: https://commons.wikimedia.org/wiki/File:41063-Couffy-Natura2000-SIC.png date from: https://eunis.eea.europa.eu/sites/FR2400561"
555559743,FR,FR,Prairies Et Etang Du Bischwald,2002,it looks like a large protected area is missing https://inpn.mnhn.fr/site/natura2000/FR4112000
555640356,FR,FR,Vallees De La Belle Et De La Somptueuse,2004,kinda questionable: https://www.lanouvellerepublique.fr/deux-sevres/commune/melle/une-somptueuse-source-de-vie
555640372,FR,FR,Vallon De Fontperron,,maybe 2012 http://www.cren-poitou-charentes.org/acquisition-au-vallon-de-fontperron
555546991,FR,FR,Marais Des Ragouillis,,maybe 2016? http://www.cren-poitou-charentes.org/travaux-marais-des-ragouillis-vienne
555547004,FR,FR,Les Prairies De Manicamp / Bichancourt,,maybe 2019? https://www.aisnenouvelle.fr/id723/article/2019-03-31/manicamp-et-ses-prairies-une-faune-riche-et-variee
555546602,FR,FR,Foret Subnaturelle Du Petit Bargy,,mentioned here: https://reseau-cen.org/sites/default/files/fichiers/asters-ra_2014-v5.pdf
555640248,FR,FR,Le Marais De Reilly,,might be able to contact for date here: https://www.reilly-en-vexin.fr/le-marais-de-reilly-boubiers/ and cen website link for site: https://cen-hautsdefrance.org/le-marais-de-reilly
555640400,FR,FR,Marais De Taugon,1995,Part of a site network? https://www.polenature-maraispoitevin.fr/quest-ce-quun-site-echappees-nature/
555546778,FR,FR,Bois Sur Pente Du Ravin,2002,"part of site acquired in 1999, other part in 2005. chose middle year. http://www.conservatoirelimousin.com/la-liste-des-sites/site/14-bois-sur-pente-du-ravin.html"
555640544,FR,FR,Ancien Etang De Girondel,,paywall: https://www.estrepublicain.fr/edition-de-bar-le-duc/2017/12/01/l-ancien-etang-de-girondel-regulateur-de-secheresse not sure if has the date
555640373,FR,FR,Vallee De La Vienne Et Du Clain,2019,probably 2019? http://www.cren-poitou-charentes.org/acquisition-a-la-vallee-de-la-vienne-et-du-clain-vienne-2019 
555640563,FR,FR,Feignes Sous Vologne,,same place:? https://fr.wikipedia.org/wiki/Col_des_Feignes_sous_Vologne
555640439,FR,FR,Milieux Alluviaux De La Platiere,2002,The nearby larger CDDA is founded 1986... this source is exact name: https://eunis.eea.europa.eu/sites/FR8201749
555546574,FR,FR,Hasenkopf,,
555547113,FR,FR,Carrieres Souterraines De Frolles,,
555546525,FR,FR,Quirrenbach,,
555546469,FR,FR,Goetlenfeldel,,
555640348,FR,FR,"Pelouse De """"Sarrigny"""" A Dommarien",,
555640234,FR,FR,Station A Tulipe Sauvage Des Mortiers,,
555546645,FR,FR,"Les Moraines, Les Gatines",,
555546592,FR,FR,La Bute Des Blumonts,,
555640660,FR,FR,Les Petits Chatrons,,
555547115,FR,FR,Prairies Humides D'Isson A Saint Remy,,
555546705,FR,FR,Cavite De La Pause,,
555546521,FR,FR,Vordere Rebï¿½Cker,,
555640079,FR,FR,Lande De Champ Chevrel,,
555546613,FR,FR,Combe Michaut,,
555559635,FR,FR,Grotte De La Pierre Plantee,,
555546889,FR,FR,Le Pincheste,,
555547104,FR,FR,Prairies Des Vallees De La Meuse Et De La Chiers (08) - La Plate Pierre Et Patte D'Oie (Mairy),,
555546909,FR,FR,Haut De Merelle,,
555547116,FR,FR,Pelouse Du Cours Robin,,
555639984,FR,FR,Littenbuckel,,
555546867,FR,FR,Hinterrohr,,
555559729,FR,FR,Hochgericht,,
555546548,FR,FR,Wormspel,,
555640438,FR,FR,Marais Sur Les Ormes,,
555640593,FR,FR,Grands Champs,,
555640162,FR,FR,Lande Du Puy Masset,,
555546626,FR,FR,Le Grand Pre,,
555640545,FR,FR,Les Pointieres,,
555640098,FR,FR,Marais De Vanzy,,
555546481,FR,FR,Zinkenthal,,
555640620,FR,FR,Marais Vuillerme,,
555546551,FR,FR,Jungfrau / Graviere Edf,,
555640425,FR,FR,Marais De Manteyer,,
555640370,FR,FR,Plaine De Chenay - Saint-Sauvant,,
555546500,FR,FR,Niederschley,,
555559718,FR,FR,Les Communaux De Marchais,,
555559657,FR,FR,Landes Et Tourbieres Des Sources De Haute Faye,,
555640128,FR,FR,Peyrestortes,,
555640385,FR,FR,Carrieres Souterraines D'Arsonval-Bossancourt,,
555640488,FR,FR,Sources De La Morge,,
555559648,FR,FR,Verger Conservatoire De Tours,,
555546735,FR,FR,Caves De Palluau (Les),,
555640637,FR,FR,Hertenmatten,,
555640627,FR,FR,La Fracette,,
555546862,FR,FR,Scierie,,
555546934,FR,FR,Mont De La Calique,,
555546484,FR,FR,Breilehfeld,,
555546523,FR,FR,Durrenbach,,
555639994,FR,FR,Riedinger,,
555546674,FR,FR,Val D'Allier- Falaise Des Moquets,,
555546474,FR,FR,Pfaffenwinckel,,
555640590,FR,FR,Les Etelles,,
555546640,FR,FR,Perthuis Aux Loups,,
555546818,FR,FR,Prairie Du Kohlhecke,,
555546808,FR,FR,Mont Saint Jean,,
555547057,FR,FR,Vaquiere,,
555559699,FR,FR,Marbach,,
555640597,FR,FR,Corniolo,,
555546464,FR,FR,Langmatt,,
555546492,FR,FR,Rohrbach,,
555546697,FR,FR,Val D'Allier- Communaux De Joze,,
555546598,FR,FR,Tour Au Lievre,,
555546783,FR,FR,Bois De Pente Des Rochers Noirs,,
555640214,FR,FR,Les Roseaux,,
555640500,FR,FR,Zone Humide,,
555546658,FR,FR,Le Marais De Normanville,,
555547080,FR,FR,Corniche De La Culotte,,
555640441,FR,FR,Milieux Alluviaux De La Riviere D'Ain,2006,
555547117,FR,FR,Mares Du Hardillon A Le Chemin,,
555546477,FR,FR,Scheuerberg,,
555640057,FR,FR,Val De Loire - Les Sables,,
555559691,FR,FR,Pelouse Du Bochet De L'Hermite,,
555559649,FR,FR,Source De Lagouzoux,,
555640178,FR,FR,Tourbiere De Provenchere,,
555546631,FR,FR,Pelouses De Nanton,,
555640080,FR,FR,La Lande De La Blanchardiere,,
555640442,FR,FR,Le Sennepey,,
555639958,FR,FR,Goeftberg,,
555640522,FR,FR,L'Archevecal D'En Haut,,
555547138,FR,FR,Bischenberg (Klei),,
555640508,FR,FR,Le Jolicot,,
555559741,FR,FR,"Pelouse De """"La Montagne"""" A Changey",,
555559640,FR,FR,Pelouses De Saint-Usage,,
555639998,FR,FR,Herzygrain,,
555640565,FR,FR,Etang De Romagne,,
555640219,FR,FR,Fort De Thonnelle,,
555640239,FR,FR,Vallees Des Cartes Et De La Vesotiere,,
555546562,FR,FR,Leberwiese,,
555546870,FR,FR,Grotte De L'Eglise,,
555546895,FR,FR,Les Salees Eaux,,
555546864,FR,FR,Pelouses D'Erching,,
555640573,FR,FR,Prairie Humide,,
555546544,FR,FR,Landskronberg,,
555546501,FR,FR,Allmend,,
555546924,FR,FR,Marais De Cousances,,
555640618,FR,FR,Sagne D'Oules,,
555546950,FR,FR,Prairies De Vouharte,,
555640104,FR,FR,Zone Humide De L'Etang,,
555640653,FR,FR,Les Pres Sous La Fontaine,,
555639965,FR,FR,Hintergasserweyer,,
555546636,FR,FR,Les Millieres,,
555559698,FR,FR,Prairie De Breux,,
555546703,FR,FR,Bois De Pegrol,,
555546725,FR,FR,Mare Des Brueres (La),,
555640462,FR,FR,Val D'Allier A Charnat,,
555640564,FR,FR,Morte-Fontaine,,
555546743,FR,FR,Ile De Rozay (L'),,
555640641,FR,FR,Prairie Du Crabe,,
555640513,FR,FR,Etang Des Loups,,
555640444,FR,FR,L'Entrecotes Du Milieu,,
555639970,FR,FR,Kreutzmatten,,
555640074,FR,FR,Gorges De La Sioule-Bout Du Monde,,
555640424,FR,FR,Garidelle,,
555547033,FR,FR,La Friche Calcicole,,
555546690,FR,FR,Bois Du Siniq,,
555640499,FR,FR,Marmonfosse,,
555559707,FR,FR,Glaciere De La Vallee De Vaux,,
555640021,FR,FR,Coteau De Garlin,,
555547000,FR,FR,Le Mont Des Vaux,,
555546533,FR,FR,Im Eiblen,,
555546809,FR,FR,Pfaffenberg,,
555639978,FR,FR,Schweinlochboden,,
555640553,FR,FR,Etang Francogney,,
555639971,FR,FR,Geisenrieth (Belle Source),,
555640467,FR,FR,Zones Humides De La Plaine Alluviale De L'Ardeche,2015,
555546564,FR,FR,Jungfrau / Rheinzinck,,
555546575,FR,FR,Reitelberg,,
555546828,FR,FR,Grotte Du Bois Du Colonel,,
555640610,FR,FR,Reserve Naturelle - Grand Etang De Lachaussee Et Etang De Chaudotte,2009,
555640236,FR,FR,Pres De La Conraie,,
555546857,FR,FR,Pelouse Du Haut Du Mont,,
555640220,FR,FR,Le Grand Paquis,,
555640341,FR,FR,Greves (Les),,
555640076,FR,FR,Sources De Bard,,
555640487,FR,FR,Gorges Du Chavanon,,
555546445,FR,FR,Honau,,
555546964,FR,FR,Carriere De Bellevue,,
555640418,FR,FR,"Pelouse Du """"Mont"""" A Latrecey",,
555546729,FR,FR,Prairies De Beauvoir (Les),,
555640492,FR,FR,Puy De Bedeuille,,
555640364,FR,FR,Plaine De Saint-Remy,,
555640574,FR,FR,Ebersmatt,,
555640632,FR,FR,Marais Et Lac De La Thuile,,
555640274,FR,FR,Combe Renaud,,
555640262,FR,FR,Gremeau,,
555640163,FR,FR,Bois Sur Pente De Combe Noire,,
555546770,FR,FR,Cote De Montreuil (La),,
555640541,FR,FR,Marais De Chateau-Brehain,,
555547018,FR,FR,Le Coteau Du Chatel,,
555547099,FR,FR,Prairie Et Zone Humide Du Moulin,,
555546511,FR,FR,Huberwiessen Koepfel,,
555546503,FR,FR,Dittelsberg,,
555639966,FR,FR,Heidenbad,,
555547036,FR,FR,La Vallee Grand-Mere,,
555640581,FR,FR,Carriere De Menneville,,
555640380,FR,FR,Mare De La Genestiere,,
555640111,FR,FR,Marais De Virieu,,
555640550,FR,FR,Vallon De L'Etanche,,
555640580,FR,FR,Prairies De La Neuville,,
555547024,FR,FR,Les Prairies De Morlincourt,,
555640517,FR,FR,Marais Tuffeux De La Belloire,,
555546788,FR,FR,Tourbiere De Pioffret,,
555546872,FR,FR,Petite Nachtweide,,
555640539,FR,FR,Les Petites Fases,,
555546472,FR,FR,Vollachermuhl,,
555640127,FR,FR,Masquerell,,
555640078,FR,FR,Tourbiere De Saint Aubin,,
555546757,FR,FR,Communaux (Les),,
555640024,FR,FR,Coteau De Savoye,,
555639974,FR,FR,Aerodrome,,
555546712,FR,FR,Ripeneaux (Les),,
555547131,FR,FR,Prairie A Azures,,
555546578,FR,FR,Wasen,,
555559697,FR,FR,Prairie Humide,,
555547027,FR,FR,La Grande Pature D'Appilly,,
555546460,FR,FR,Moosbaechel,,
555640582,FR,FR,Prairie De Flechinelle,,
555547078,FR,FR,Galerie De Petechaenea,,
555546905,FR,FR,Ancienne Voie Ferree,,
555546920,FR,FR,Tourbiere De L'Etang D'Avaux,,
555640230,FR,FR,Prairies Du Pont-Neuf,,
555546473,FR,FR,Rauschenburg,,
555559726,FR,FR,Caves De Puits Gibert (Les),,
555640661,FR,FR,Les Pierrottes,,
555547052,FR,FR,Vallon De Joyeuse,,
555546505,FR,FR,Grabentheiler,,
555546615,FR,FR,Balcon De La Verrerie,,
555546826,FR,FR,Le Coteau De La Riviere,,
555640640,FR,FR,Suc De Lavieu,,
555559693,FR,FR,Talus A Orchidees De Fleville,,
555547035,FR,FR,La Montagne Des Gres,,
555640490,FR,FR,Mines De Charrier : Cavite Du Chatelard,,
555640135,FR,FR,Fabregues - Madeleine,,
555640509,FR,FR,Prairie Alluviale,,
555547010,FR,FR,Les Prairies Du Mont-Herault,,
555546936,FR,FR,Coteau Des Bouchauds,,
555640409,FR,FR,Prairie De La Brague,,
555640084,FR,FR,Combe La Mort,,
555546876,FR,FR,Marais De Hargarten,,
555546617,FR,FR,Nataloup,,
555546917,FR,FR,La Cote D'Haudrimont,,
555546706,FR,FR,Marais De Pommier,,
555640528,FR,FR,Les Villards,,
555546792,FR,FR,Lande Des Chenevieres,,
555546527,FR,FR,Gazon Quedat,,
555640531,FR,FR,Les Plantees,,
555640495,FR,FR,Val D'Allier - Meandre Des Granges,,
555640310,FR,FR,Le Domaine De La Solitude,,
555640063,FR,FR,Rammelsberg,,
555546893,FR,FR,Prairies De La Vezouse,,
555546513,FR,FR,Village,,
555639983,FR,FR,Finkenholtz,,
555640395,FR,FR,Chaumes De Souberac Mc,,
555640388,FR,FR,Marais Aux Puyaux,,
555640474,FR,FR,Col Des Limites,,
555546461,FR,FR,Grossmatt,,
555546738,FR,FR,Etang De L'Isle (L'),,
555546522,FR,FR,Grasberg,,
555640401,FR,FR,Goiset,,
555546476,FR,FR,Bruch,,
555546608,FR,FR,Coteau De La Cour Cucu,,
555546687,FR,FR,Cavite Du Mirai,,
555640649,FR,FR,Etang Au Cure,,
555546847,FR,FR,Le Grund,,
555640423,FR,FR,Lac Gavoty,,
555640555,FR,FR,Marais Des Tortus Pres,,
555639957,FR,FR,Brunnenwasser (Foret),,
555546886,FR,FR,Anciennes Carrieres,,
555546530,FR,FR,Etang Du Milieu,,
555639999,FR,FR,Weihermatten,,
555640028,FR,FR,Coteau De Monco,,
555640662,FR,FR,Fresse,,
555546925,FR,FR,Marais Du Grand Saulcy,,
555546772,FR,FR,Bois Sur Pente De L'Echamel,,
555640217,FR,FR,Delta Du Ruisseau Saint Jacques Et Herbiers Aquatiques,,
555640092,FR,FR,Le Marais Du Petit Villers,,
555640306,FR,FR,La Montagne De Montenoy,,
555640058,FR,FR,Carriere Du Plaid,,
555640624,FR,FR,Le Marais,,
555546485,FR,FR,Beim Dem Muehlbach,,
555546514,FR,FR,Bornpfad,,
555546506,FR,FR,Waesselmatten,,
555640592,FR,FR,Marais De Chevilly,,
555546699,FR,FR,Sources De Zagat,,
555546708,FR,FR,Marais Des Glegues,,
555546840,FR,FR,La Corre,,
555559643,FR,FR,"Pelouse """"Au Denot"""" A Roocourt-La-Cote",,
555559708,FR,FR,Bois De Michelore,,
555546928,FR,FR,Communal De Saint-Josse,,
555546759,FR,FR,Perou (Le),,
555639976,FR,FR,La Soutte,,
555640420,FR,FR,Boisements Et Prairies Humides Au Nord De Marnay,,
555546916,FR,FR,Etang De Reminaux,,
555546638,FR,FR,Etang De Fontaine Morand,,
555640576,FR,FR,Marais De Grossmatt Et Entre Ruisseaux,,
555547008,FR,FR,La Falaise De Tupigny,,
555640094,FR,FR,Les Fiefs,,
555640073,FR,FR,Val D'Allier - Les Couleyres,,
555546455,FR,FR,Waeldele,,
555559737,FR,FR,Pelouse Des Grandes Valottes,,
555640602,FR,FR,Croix Joyeuse,,
555559722,FR,FR,La Palotte,,
555546490,FR,FR,Beim Bock,,
555546979,FR,FR,Pierre-Levee,,
555559732,FR,FR,Poudriere Saints Geomes,,
555640648,FR,FR,Tourbiere Du Lac Des Rouges Truites,,
555640387,FR,FR,Bois D'Allemant,,
555640542,FR,FR,Pre Sale Et Prairie Oligotrophe,,
555640502,FR,FR,Grotte De La Carriere,,
555559710,FR,FR,Prairie Humide,,
555546819,FR,FR,Ruisseau Du Werschingertal,,
555559694,FR,FR,"Prairies De La Vallee De L'Aisne (08) - Le Repaire Et Le Calvados (Vandy, Vouziers)",,
555546855,FR,FR,Fontaine De Corbey,,
555639960,FR,FR,Hoeflen (Graviere Nord),,
555640089,FR,FR,La Cote De La Roque,,
555546627,FR,FR,La Croisette,,
555640595,FR,FR,Marais De Lepin,,
555640316,FR,FR,Cotes De Boncourt (Les),,
555546727,FR,FR,Ile Du Prieure (L'),,
555546987,FR,FR,Haute Vallee De La Gartempe,,
555640489,FR,FR,Marais De L'Etang De Farges,,
555546442,FR,FR,Bischenberg (Alter Schlag),,
555640612,FR,FR,L'Ile Sous Essegney,,
555640229,FR,FR,Ferme A Lunettes,,
555546997,FR,FR,"La Grande Pature, Les Grands Clos Sud, La Forriere Nizart",,
555546736,FR,FR,Chapelle Montmartin (La),,
555640452,FR,FR,Tourbiere Des Vicarias,,
555546832,FR,FR,Boucle De La Nied,,
555546483,FR,FR,Hurb,,
555640323,FR,FR,Glenaux (Les),,
555546436,FR,FR,Bischenberg (Hoetzel),,
555640088,FR,FR,Les Coteaux De Giverny,,
555546733,FR,FR,Bocage Du Veron (Le),,
555640447,FR,FR,Val D'Allier- La Jolivette,,
555640486,FR,FR,Tourbiere De La Croix De Barre,,
555546620,FR,FR,Ile De Maison Rouge,,
555640260,FR,FR,Marais Des Lomottes,,
555640122,FR,FR,Boucle Des Moiles,,
555640046,FR,FR,Coteau Des Fourches,,
555640335,FR,FR,Pierre Galle,,
555546868,FR,FR,Le Grand Patural,,
555546686,FR,FR,Mines De Charrier : Cavites De La Besbre Et Du Chatelard,,
555546967,FR,FR,Grifferus,,
555546489,FR,FR,Neffenstatt,,
555546949,FR,FR,Marais Du Pradeau,,
555546710,FR,FR,Marais De L'Etang Grand,,
555559738,FR,FR,Pelouse Des Brebis A Brienne-La-Vieille,,
555639982,FR,FR,Unten Am Seelberg,,
555640613,FR,FR,La Demoiselle,,
555640351,FR,FR,La Tote De Pigau,,
555559703,FR,FR,Cote Des Noues,,
555546450,FR,FR,Kohlplatz,,
555640119,FR,FR,Marais Du Moulin,,
555546540,FR,FR,Rappolsweilerried 2,,
555640435,FR,FR,Reserve Naturelle Nationale Des Coussouls De Crau,2001,
555546960,FR,FR,Fief De Foye,,
555640411,FR,FR,Calern,2004,
555640333,FR,FR,Ile Cesar (L'),,
555640527,FR,FR,Bords De Rhone,,
555546903,FR,FR,Etang De Brï¿½,,
555546448,FR,FR,Obere Matten,,
555546670,FR,FR,Prairies Inondables Du Val De Saone,1994,
555640006,FR,FR,Gietzen Zembs,,
555640426,FR,FR,Malouesse,,
555546839,FR,FR,Marais D'Ormersviller,,
555546524,FR,FR,Horgiessen,,
555546449,FR,FR,Verger Du Chateau,,
555640551,FR,FR,Les Roches,,
555546793,FR,FR,Gite A Chiroptere De Lamativie,,
555546558,FR,FR,Haarmatt,,
555640205,FR,FR,Tourbiere De Friaulouse,,
555546554,FR,FR,Obere Au 2,,
555546695,FR,FR,Roseliere De La Vernede,,
555640436,FR,FR,Saquedes,,
555640626,FR,FR,Les Iles,,
555639988,FR,FR,Baselboden,,
555546841,FR,FR,Pre Leo,,
555546466,FR,FR,Lottel,,
555546437,FR,FR,Bischenberg (Hohlenstein),,
555547127,FR,FR,La Ferme Du Heron,,
555640301,FR,FR,Les Larris De Grouches-Luchuel,,
555640429,FR,FR,Ponts Naturels D'Entraygues,,
555640225,FR,FR,Sur La Cote,,
555559735,FR,FR,Les Communaux,,
555546643,FR,FR,Les Proux,,
555546628,FR,FR,La Montagne Chassey,,
555640227,FR,FR,Marais Du Saty,,
555640659,FR,FR,Les Charmes Rondes,,
555546906,FR,FR,Prairies De Rouceux Et Ruisseau De L'Abreuvoir,,
555640033,FR,FR,Engauly - Lesparrou,,
555559742,FR,FR,Sources De La Tote De Lion,,
555546451,FR,FR,Bornmatt,,
555640100,FR,FR,Les Mouilles D'En Bas,,
555547137,FR,FR,Birenberg,,
555547136,FR,FR,Brukeln,,
555640087,FR,FR,Le Moulin D'Aclou,,
555547126,FR,FR,Butte Des Rocs,,
555640269,FR,FR,La Chaume De La Rochepot,,
555546547,FR,FR,Schlossmatten,,
555559689,FR,FR,Prairies De La Vallee De L'Aisne (08) - Le Long Pre (Olizy-Primat),,
555546804,FR,FR,Pottaschutte,,
555546992,FR,FR,Pelouses D'Angles-Sur-L'Anglin,,
555546679,FR,FR,Val D'Allier- Le Pacage Des Boeufs,,
555546446,FR,FR,Thalmatten,,
555546543,FR,FR,Haag,,
555640322,FR,FR,Prairies Humides De La Clery,,
555640201,FR,FR,Bois Autour Du Rocher Du Peintre,,
555640266,FR,FR,Ile Hocquet,,
555640571,FR,FR,Le Neuglen,,
555546470,FR,FR,Kopperswoert,,
555546796,FR,FR,Tourbiere De Canroute,,
555559715,FR,FR,"Marais Des """"Grands Pres"""" A Saucourt",,
555640537,FR,FR,Caricaie Saint Christophe,,
555547123,FR,FR,"Pelouse De """"Sur Roche"""" A Dancevoir",,
555640059,FR,FR,Val D'Allier - Ile Des Queriaux,,
555546498,FR,FR,Schlittweg,,
555546709,FR,FR,Tourbieres De L'Eclache Et Des Vergnes,,
555547130,FR,FR,Sources Petrifiantes De Nonette,,
555640468,FR,FR,"Zones Humides Du Charneve, Saint-Montan Et Bourg-Saint-Andeol",,
555546487,FR,FR,Schmitteich,,
555546915,FR,FR,Prairie Et Marais Du Morin Pre Et Des Presles,,
555546901,FR,FR,Le Potelon,,
555640002,FR,FR,Oberschmittfeld,,
555640623,FR,FR,La Crusille,,
555559701,FR,FR,Etang Des Bois,,
555546854,FR,FR,Frana,,
555546660,FR,FR,Le Marais De Fesques,,
555639990,FR,FR,Hoellenweg,,
555640140,FR,FR,Puy De Guimond,,
555640283,FR,FR,La Choulere,,
555640255,FR,FR,Pres D'Amont,,
555546801,FR,FR,Lande De Beaubreuil,,
555559644,FR,FR,"Pelouse De """"La Margelle"""" A Cusey",,
555547089,FR,FR,La Chau,,
555547011,FR,FR,La Lande De Montaigu,,
555546849,FR,FR,Marais De Hombourg-Budange,,
555640601,FR,FR,Marais De Francaltroff/Erstroff,,
555639995,FR,FR,Rheinschluth,,
555639953,FR,FR,Dachsbach,,
555546538,FR,FR,Bluttenberg,,
555640015,FR,FR,Pres Berger,,
555640570,FR,FR,Marais De Lempich,,
555640654,FR,FR,Val Dessous,,
555559702,FR,FR,Prairies De La Vallee De L'Aisne (08) - Le Chemin De La Communaute (Amagne),,
555640126,FR,FR,Etang De Valliguieres,,
555547107,FR,FR,Foret Alluviale D'Attigny,,
555640218,FR,FR,Vallee De La Crusnes,,
555640013,FR,FR,Immerschenberg,,
555640270,FR,FR,Combe Le Nait,,
555546800,FR,FR,Marais De Chamboret (Vilatte),,
555546810,FR,FR,Cote Du Mont,,
555559645,FR,FR,Sagne De Secun,,
555640039,FR,FR,Bois Des Bauves,,
555640142,FR,FR,Combes De La Cazine,,
555640250,FR,FR,La Falaise Bloucard,,
555546877,FR,FR,Les Sausseles,,
555546884,FR,FR,Bevenacker,,
555640657,FR,FR,Mares Bressanes,,
555640459,FR,FR,Val D'Allier- Les Graves,,
555546641,FR,FR,Les Longs Traits,,
555640264,FR,FR,Les Lavieres,,
555640115,FR,FR,Grottes Des Carrieres,,
555546838,FR,FR,La Ramonette,,
555640166,FR,FR,Zones Humides Du Ruisseau Du Bois Du Cher,,
555546701,FR,FR,Sources De St-Herent,,
555639996,FR,FR,Bischenberg (Couvent),,
555546798,FR,FR,Bois De Pente D'Aumont,,
555640443,FR,FR,Sur Les Seignes,,
555640167,FR,FR,Lande De Rigoulet,,
555559636,FR,FR,Camp Ramon,,
555640559,FR,FR,Aulnaie Marecageuse De Saint Arnould Le Bois,,
555547069,FR,FR,Les Bauches,,
555640633,FR,FR,Les Cotes Vieilles,,
555640145,FR,FR,Domaine De Lachaud,,
555640600,FR,FR,Les Frasses,,
555640557,FR,FR,Spanisloch Et Grossen Weyer,,
555547005,FR,FR,Les Feuillets,,
555546815,FR,FR,La Crevee Terre,,
555640312,FR,FR,La Sole Des Mauvaises Terres,,
555639952,FR,FR,Roche Godin,,
555559653,FR,FR,Marais De L'Etang De Grandville,,
555640278,FR,FR,Ile De Tinjat,,
555640599,FR,FR,Marais De La Gare Et De Bernadieu,,
555546480,FR,FR,Absberg,,
555546452,FR,FR,Brandel,,
555547088,FR,FR,Le Colombey,,
555640616,FR,FR,Plaine De La Tourderie,,
555640105,FR,FR,Friche A Molinie Est Cimetiere,,
555547019,FR,FR,Les Larris De Villers A Bouchon,,
555640051,FR,FR,"Colline De Mirabel : Bourassol, Champ Griaud, Grand Patural",,
555546774,FR,FR,Megaphorbiaie Et Hï¿½Traie De Lissac,,
555546593,FR,FR,Carriere De La Fosse Penelle,,
555559659,FR,FR,La Carriere Huet,,
555640625,FR,FR,Marais Du Pontet,,
555640327,FR,FR,Entre Les Levees,,
555546569,FR,FR,Bruennel,,
555640256,FR,FR,En Boquoy,,
555640066,FR,FR,Strueth/Lac,,
555640035,FR,FR,La Plano - Bonnac,,
555640568,FR,FR,Vallee De La Schwartzbach,,
555640496,FR,FR,Val D'Allier - Ile Des Cailloux,,
555546869,FR,FR,Pre Chopin,,
555640635,FR,FR,Val Coisin,,
555640313,FR,FR,Varinnes (Les),,
555546724,FR,FR,Tourbiere Des Landes (La),,
555547002,FR,FR,Les Terrains Julien,,
555640512,FR,FR,Tourbieres De La Mereille,,
555640177,FR,FR,Les Grandes Landes,,
555640005,FR,FR,Federspiel,,
555546433,FR,FR,Aue,,
555640506,FR,FR,Fort D'Arches,,
555547015,FR,FR,Le Mont Florentin,,
555639941,FR,FR,Les Iles Du Chamon,,
555546661,FR,FR,Le Fournet,,
555640117,FR,FR,Coteau Des Perilles,,
555640209,FR,FR,Marais Du Chezeau,,
555640175,FR,FR,Zones Humides Du Ritord A Silord,,
555640097,FR,FR,Le Bourgay,,
555640516,FR,FR,Marais De Conzieu,,
555546714,FR,FR,Pres De Saint Loup (Les),,
555640300,FR,FR,Le Larry De Bourdon,,
555640384,FR,FR,Garennes De Chemerault,,
555640343,FR,FR,Ile Aux Bï¿½Ufs (L'),,
555546591,FR,FR,Prairie Des Arrachis,,
555547068,FR,FR,Les Graviers,,
555546948,FR,FR,Chaumes De Mouthiers,,
555547006,FR,FR,La Pierre Aiguisoire,,
555640493,FR,FR,Val D'Allier - Meandre De Precaille,,
555559557,FR,FR,Sources De La Salet,,
555546655,FR,FR,Les Iles,,
555559730,FR,FR,Cotat Le Roy,,
555559719,FR,FR,La Pelouse De Longavesne,,
555547039,FR,FR,Le Larris Du Berger,,
555546908,FR,FR,Pelouse Marneuse (Gunglingerberg),,
555640279,FR,FR,Roches Molouses,,
555546940,FR,FR,Landes De L'Hopiteau,,
555559711,FR,FR,Le Larris Du Quesne,,
555639968,FR,FR,Bande Af,,
555547120,FR,FR,"Pelouse De """"La Butte De Taloison"""" A Bay-Sur-Aube",,
555639991,FR,FR,Au Champ,,
555640523,FR,FR,Gave Cattin,,
555640273,FR,FR,Les Boulins,,
555640309,FR,FR,Le Marais De Branges,,
555640481,FR,FR,Lac D'Armaille,,
555546806,FR,FR,Le Quart En Reserve,,
555546918,FR,FR,Prairies Du Sanon,,
555546821,FR,FR,L'Huilliere,,
555546802,FR,FR,Ruisseau Des Chatrelles,,
555546777,FR,FR,Jardin De Bardot,,
555640588,FR,FR,Marais De Fechain,,
555559727,FR,FR,Tourbiere Du Lac De Lourdes,,
555546771,FR,FR,Gite A Chiropteres Du Moulin Du Cher,,
555546529,FR,FR,Pont Escarset,,
555546973,FR,FR,Carriere De Sous Les Monts,,
555639964,FR,FR,Geist Et Leinengrube,,
555639936,FR,FR,Tourbiere Du Desert,,
555546700,FR,FR,Tourbiere De Sougeat-La-Souze,,
555546459,FR,FR,Eichenhuerst,,
555639955,FR,FR,Winkel (Graviere Sud),,
555640246,FR,FR,La Chambrette,,
555640043,FR,FR,Tourbiere De Crespy-Greloux,,
555640238,FR,FR,Colline Du Rocher,,
555546560,FR,FR,Auf Schleithaler Bann,,
555546545,FR,FR,Ritti Beim Doris,,
555546748,FR,FR,Terres De L'Orme (Les),,
555546875,FR,FR,Poudriere D'Olima,,
555640473,FR,FR,Carriere Des Meules,,
555640554,FR,FR,Ancienne Carriere De Helling,,
555640417,FR,FR,Bois De Furgette,,
555546440,FR,FR,Bischenberg (Kreutzbuehl),,
555546837,FR,FR,Chaume Des Winterges,,
555546878,FR,FR,Ancienne Voie Ferree,,
555640049,FR,FR,Marais De Grondes,,
555546922,FR,FR,Val De Passey,,
555640195,FR,FR,Landes D'Auzillac,,
555546704,FR,FR,Tourbiere De La Croix De Barras,,
555546559,FR,FR,Hinter Des Stockaeckern,,
555640150,FR,FR,Tourbiere De Pre Chatain,,
555640155,FR,FR,Tourbiere De La Serre,,
555546786,FR,FR,Puy Mouret,,
555640314,FR,FR,Carriere Cheret (La),,
555546553,FR,FR,Niederwald,,
555640294,FR,FR,La Vallee Du Chone,,
555546678,FR,FR,Val D'Allier- Les Forets,,
555640480,FR,FR,Gras De Serre Montredon,,
555559717,FR,FR,Pelouses De Grenant,,
555640514,FR,FR,Marais De L'Etang Bizadan,,
555640113,FR,FR,Marais De La Leze,,
555640503,FR,FR,La Glaire,,
555546785,FR,FR,Tourbiere De Chante-Ribiere,,
555547050,FR,FR,Colline De La Bruyere,,
555546897,FR,FR,Le Pre De Besborne,,
555546817,FR,FR,Affleurements De Quartzites,,
555546919,FR,FR,Prairie Du Grand Friche,,
555546486,FR,FR,Oberallmend,,
555640192,FR,FR,Tourbiere De Negarioux-Malsagne,,
555559673,FR,FR,Prairie De La Viguerie,,
555639956,FR,FR,In Der Waeg,,
555640497,FR,FR,Val D'Allier - Les Rivaux,,
555546780,FR,FR,Bois Sur Pente Des Impuestous,,
555546942,FR,FR,Grotte De Grosbot,,
555547100,FR,FR,Ilot De Combe Negre,,
555640107,FR,FR,Marais De Berland,,
555640031,FR,FR,Pesquie - Lagarde,,
555640561,FR,FR,Martimpre,,
555559696,FR,FR,Station De Gagee A Spathe,,
555640460,FR,FR,Val D'Allier- Pre Redan,,
555640286,FR,FR,Sur Les Roches,,
555546835,FR,FR,La Saliere,,
555640129,FR,FR,Plateau De Vendres,,
555640172,FR,FR,Puy Negre Pu,,
555546843,FR,FR,Cote Barine,,
555640212,FR,FR,Varenne De Chevelu,,
555546546,FR,FR,Aeussere Krautlaender,,
555546550,FR,FR,Bickenberg,,
555640198,FR,FR,Prairie Humide Du Pont Est,,
555546512,FR,FR,Jesselsberg,,
555639981,FR,FR,Laengert,,
555640304,FR,FR,Les Larris De Moulin-Sous-Touvent,,
555640158,FR,FR,Tourbiere Du Ruisseau Du Pic,,
555546536,FR,FR,Oberer Bruehl,,
555639963,FR,FR,Spitzmatt,,
555559654,FR,FR,Caves De St-Julien,,
555546739,FR,FR,Etang De La Benette (L'),,
555546718,FR,FR,Moulin Rouge (Le),,
555640651,FR,FR,Le Lautrey,,
555546776,FR,FR,Landes Seches De A La Vue,,
555559638,FR,FR,Tourbiere De La Bar,,
555559712,FR,FR,Lochmatten,,
555639949,FR,FR,Cote De Char,,
555546635,FR,FR,Pre Marin,,
555640419,FR,FR,"Boisement """"Le Mousseau""""",,
555546504,FR,FR,Bischenberg (Obrechtsloch),,
555640397,FR,FR,La Roche,,
555546443,FR,FR,Bischenberg (Kilb),,
555640579,FR,FR,Marais De Lening,,
555640265,FR,FR,Etang Rimbaud,,
555640569,FR,FR,Hammelsberg,,
555546654,FR,FR,Rochers Du Renard,,
555640036,FR,FR,Marais Sale De St-Nectaire,,
555546758,FR,FR,Etang Ex-Chevres (L'),,
555640047,FR,FR,Val D'Allier- Foret Des Madeleines,,
555640566,FR,FR,Fort De Troyon,,
555640519,FR,FR,L'Egay,,
555640159,FR,FR,Prairies Du Ruisseau Du Grand Etang,,
555640658,FR,FR,La Noue Diot,,
555640186,FR,FR,Coteau Du Puy Laborie - Peuch Redon,,
555639993,FR,FR,Derriere Les Bois,,
555547022,FR,FR,Les Pres D'Heronval,,
555546914,FR,FR,Sur La Prairie De Baronville,,
555546896,FR,FR,Tourbiere D'Ippling,,
555640324,FR,FR,Michellerie (La),,
555639934,FR,FR,Megaphorbiaie De La Pierre Plate,,
555639972,FR,FR,Boehlmatten,,
555546508,FR,FR,Haberallmend,,
555639985,FR,FR,Unten Am Herrenhof,,
555640389,FR,FR,"Zone Humide """"Le Monty"""" A Etrelle-Sur-Aube",,
555546945,FR,FR,Chaumes De Souberac,,
555640176,FR,FR,Plaine De La Madier,,
555640222,FR,FR,Prairie Ruisseau D'Etange,,
555640470,FR,FR,Marais D'Archine,,
555640001,FR,FR,Les Octrois,,
555546630,FR,FR,Pre Feuillant (Rompey),,
555639979,FR,FR,Reckholder,,
555546493,FR,FR,Jaegerkopf (Graviere),,
555640277,FR,FR,Etang Bailly,,
555640199,FR,FR,Sources De La Vienne,,
555546594,FR,FR,Patureau Des Matines,,
555639935,FR,FR,Mares Potieres De Launay,,
555546820,FR,FR,Hinter Kleinwald,,
555639939,FR,FR,Marais Du Pre Du Commun,,
555547091,FR,FR,Foret De Lamadeleine,,
555640560,FR,FR,Col Des Hayes,,
555640124,FR,FR,Marais Des Engenieres,,
555640415,FR,FR,Jardin Alpin De La Claree,,
555640416,FR,FR,Prairies De L'Encrome,,
555546859,FR,FR,Prairies Humides Im Perg,,
555640629,FR,FR,Marais Des Rives,,
555639940,FR,FR,La Boucle De La Tenarre,,
555640650,FR,FR,Etang Chalat Et Prairie Des Baraques,,
555546618,FR,FR,Verny-Brulon,,
555546639,FR,FR,Veriat,,
555547054,FR,FR,Les Maufrines,,
555546929,FR,FR,Marais De Villiers,,
555546463,FR,FR,Sauermatten,,
555547062,FR,FR,La Pouille,,
555640433,FR,FR,Lac Redon,,
555640082,FR,FR,Tourbiere De La Tablere,,
555640652,FR,FR,La Grande Noue,,
555640363,FR,FR,Cote-Belet,,
555547125,FR,FR,Ancien Etang De La Fresnaye-Au-Sauvage,,
555546784,FR,FR,Tourbiere Et Etang Du Bourdeau,,
555640639,FR,FR,Etang Du Longeau,,
555640642,FR,FR,Prairie De La Rouquette,,
555546467,FR,FR,Obere Matten,,
555546851,FR,FR,La Cote Et La Taye Aux Vaches,,
555640457,FR,FR,Val D'Allier Aux Pradeaux,,
555546632,FR,FR,Chante-Merle,,
555546666,FR,FR,Pelouses Seches De Bourbousson,,
555640048,FR,FR,Val D'Allier - La Ribeyre,,
555640332,FR,FR,Ile De Bondesir (L'),1990,
555546744,FR,FR,Ile Marie (L'),,
555640315,FR,FR,Sablons De Corquoy (Les),,
555640377,FR,FR,Coteau Des Pendants,,
555640291,FR,FR,Les Pres Oins,,
555640524,FR,FR,Marais De Saint-Alban,,
555546491,FR,FR,Baummaettel,,
555640334,FR,FR,Iles Du Gros Ormeau (Les),,
555546824,FR,FR,Salle Casematee Du Fort,,
555546830,FR,FR,Les Efaiteux,,
555547043,FR,FR,La Carriere D'Henonville,,
555640340,FR,FR,Prairie De La Bouchere (La),,
555640636,FR,FR,Rohrmatten,,
555547139,FR,FR,Pelouse De Bonville (La),,
555546457,FR,FR,Neuergraben,,
555640091,FR,FR,Les Courtils,,
555546858,FR,FR,Saut Du Cerf,,
555546799,FR,FR,Bois De Pente De Saint Projet Et Du Pont Des Ajustants,,
555640611,FR,FR,Les Sangsues Et Noue Des Patureaux,,
555546717,FR,FR,Gas De Pendloup (Le),,
555559714,FR,FR,"Pelouse De """"La Combe Forgeot"""" A Louvieres",,
555546571,FR,FR,Bischberg,,
555547103,FR,FR,Pelouse De La Cote De La Tournieule,,
555546468,FR,FR,Breitenbruch,,
555547032,FR,FR,La Montagne De Guizancourt,,
555546827,FR,FR,Prairies Naturelles De Fenetrange,,
555546822,FR,FR,Caricaie,,
555546749,FR,FR,Marais De Chavannes (Le),,
555546456,FR,FR,Schneckenmatten,,
555547084,FR,FR,La Roz,,
555546648,FR,FR,Pont De Sauroy-Buseaux,,
555547070,FR,FR,Les Saveux,,
555640280,FR,FR,Pelouse Et Marais Du Moulin,,
555640614,FR,FR,Etang De La Faignotte,,
555546720,FR,FR,Vallees (Les),,
555640070,FR,FR,Weihermatten,,
555546465,FR,FR,Moder,,
555546555,FR,FR,La Largue / Morenbismatten,,
555546549,FR,FR,Les Norates,,
555547119,FR,FR,"Pelouse De """"La Bosse"""" A Chameroy",,
555640174,FR,FR,Moulin Du Mas,,
555640154,FR,FR,Marais Des Paturaux,,
555546890,FR,FR,Mare Et Prairie Du Golf,,
555640631,FR,FR,La Prairie,,
555546956,FR,FR,Carriere De L'Enfer,,
555547020,FR,FR,Le Larris Des Terres Blanches,,
555640413,FR,FR,Chardonnet,,
555546795,FR,FR,Lande De La Roubardie,,
555640116,FR,FR,Marais Des Luippes,,
555640421,FR,FR,Noue Boisard,,
555547102,FR,FR,Pelouse De Rinaveau A Bar-Les-Buzancy,,
555640069,FR,FR,Ancien Terrain Militaire,,
555639980,FR,FR,Grosswoerth,,
555546816,FR,FR,La Sirotte,,
555546561,FR,FR,Bei Der Beinwaldmuehle,,
555546747,FR,FR,Oupillere (L'),,
555559709,FR,FR,Falaise Des Rouchilloux Et Bois De La Peyre,,
555640337,FR,FR,Ile De La Folie (L'),,
555640596,FR,FR,Le Planay,,
555547031,FR,FR,Aux Larris,,
555547034,FR,FR,Le Fort De Grattepanche,,
555640549,FR,FR,Etang Rouge,,
555546803,FR,FR,Cote De Lorry,,
555640086,FR,FR,La Cote Saint-Jacques,,
555546907,FR,FR,La Cote De L'Est,,
555640644,FR,FR,Grotte Du Roc,,
555640406,FR,FR,Marais De Moquerat - La Bouleure,1993,
555547134,FR,FR,Mont Lignon,,
555546517,FR,FR,Brischaltarm,,
555546642,FR,FR,Le Quart Du Bois,,
555640153,FR,FR,Gite A Chiropteres Des Courrieres,,
555546856,FR,FR,L'Etang Hamant,,
555547086,FR,FR,L'Ambyme,,
555640432,FR,FR,Regente,,
555640317,FR,FR,Vallee Des Ardouses,,
555640430,FR,FR,Ponteau,,
555640182,FR,FR,Tourbiere De Puy Noir,,
555546537,FR,FR,Muscheck,,
555546957,FR,FR,Marais De Voutron,,
555640171,FR,FR,Ribieres De Rocher,,
555546520,FR,FR,Weiher,,
555640501,FR,FR,Les Iles,,
555640259,FR,FR,Chaume La Louise,,
555640604,FR,FR,Sur Grauve,,
555640338,FR,FR,Trotte Loup,,
555640345,FR,FR,Benne,,
555640589,FR,FR,Montagne De Freterive,,
555640394,FR,FR,Prairies Et Marais De Longre,,
555640045,FR,FR,Lac Long,,
555640504,FR,FR,Pre Richary,,
555640004,FR,FR,Wurmberg,,
555546764,FR,FR,Noyers Sur Cher,,
555547013,FR,FR,Les Patures,,
555546488,FR,FR,Grafenmatt,,
555546494,FR,FR,Junker Bruch,,
555640110,FR,FR,Marais Du Grand-Preau,,
555640498,FR,FR,Sources Du Vieux Moine,,
555546807,FR,FR,Le Paquis Des Oies,,
555546475,FR,FR,Kohlenplatz,,
555546496,FR,FR,Kleematten,,
555639937,FR,FR,Roseliere De Benouville,,
555546609,FR,FR,Cavites D'Orbec,,
555546612,FR,FR,Marais Du Conois,,
555546750,FR,FR,Grands Buissons (Les),,
555640012,FR,FR,Thierrain,,
555546846,FR,FR,Les Pontances,,
555640160,FR,FR,Bois Sur Pente Du Gour,,
555640210,FR,FR,Eperon De Roquezon,,
555546726,FR,FR,Hauts De Lapan (Les),,
555640594,FR,FR,Cote-Envers,,
555640010,FR,FR,Baldenheimer Woerth,,
555640656,FR,FR,Sous La Roche,,
555640518,FR,FR,Praz Very,,
555640511,FR,FR,Tourbiere Du Ruisseau Des Noires Faignes,,
555640020,FR,FR,Coteau De Casserouge,,
555640130,FR,FR,Ile Des Brotteaux,,
555640330,FR,FR,Ile Joli Coeur (L'),,
555640622,FR,FR,Les Marais,,
555547040,FR,FR,Le Larris Du Brï¿½Le,,
555640149,FR,FR,Les Combes - Puy Chaffou,,
555546844,FR,FR,Sauer Acker,,
555546637,FR,FR,Etang De La Chapelle,,
555640003,FR,FR,Mittlere Gruth,,
555559634,FR,FR,Le Petit Quicon,,
555640319,FR,FR,Ile A Gaston (L'),,
555640643,FR,FR,Combe De La Couliere,,
555640428,FR,FR,Partiguiere,,
555546730,FR,FR,Eperon Murat (L'),,
555546539,FR,FR,Rappolsweilerried 1,,
555546781,FR,FR,Etang Du Brudou,,
555640405,FR,FR,Vallee Du Gateau,,
555546682,FR,FR,Val D'Allier- Les Iles,,
555640083,FR,FR,Tourbiere De Commeauche,,
555640663,FR,FR,Pelouse De La Combe Charton,,
555547030,FR,FR,Les Larris D'Inval-Boiron,,
555640245,FR,FR,Les Montagnes De Chipilly,,
555640645,FR,FR,Prairies Du Lemboulas,,
555640325,FR,FR,Pelouses Du Bois Du Roi (Les),,
555640407,FR,FR,Adou Des Faisses,,
555640090,FR,FR,La Cote Des Deux Amants,,
555546881,FR,FR,Tourbiere De Seuchaux,,
555547111,FR,FR,Pelouse De La Cosvigne A Gye-Sur-Seine,,
555640157,FR,FR,Desert De Chevrecujols,,
555546899,FR,FR,Les Rayeux,,
555546898,FR,FR,Les Pres Sales De Marsal,,
555640552,FR,FR,Le Haut Saussy,,
555640521,FR,FR,Plan Ravet,,
555546880,FR,FR,Fronaie De Petermannswiese,,
555640386,FR,FR,Prairies De La Boucle D'Iges,,
555546930,FR,FR,Marais De Tigny,,
555547121,FR,FR,"Pelouse De La """"Cote Du Moulin"""" A Percey-Sous-Montormentier",,
555559739,FR,FR,Pelouse De La Medaille A Villers-Aux-Noeud,,
555546883,FR,FR,Cote De Saulny,,
555546861,FR,FR,Cote De Voiremont,,
555640009,FR,FR,Neue Matt,,
555546805,FR,FR,Cote D'Urbul,,
555546646,FR,FR,Prairies De La Chapelle Et Les Chaumes,,
555640007,FR,FR,Altbruch,,
555639977,FR,FR,Bruebachmatten,,
555639943,FR,FR,Combe A La Vieille,,
555546478,FR,FR,Engersbruehl,,
555546509,FR,FR,Benmatt,,
555546874,FR,FR,Jemnaufaing,,
555640200,FR,FR,Coteau De Cheyssiol,,
555546604,FR,FR,Pre De La Guette,,
555546665,FR,FR,Chonaie De Boiffis,,
555559725,FR,FR,Cabochon (Le),,
555640445,FR,FR,Les Sables De Quitteur,,
555640281,FR,FR,"La Charette, Le Bas Des Essarts",,
555640575,FR,FR,Hariat,,
555546723,FR,FR,Prairies De Guzon (Les),,
555546984,FR,FR,Carrieres Des Pieds Grimauds,,
555546823,FR,FR,Poudriere Du Bois Sous Roche,,
555546711,FR,FR,Bouteille,,
555547071,FR,FR,Les Puits D'Enfer,,
555547038,FR,FR,La Montagne De Frise,,
555639969,FR,FR,Silberberg,,
555640016,FR,FR,Carrieres Villegouge,,
555546888,FR,FR,Rocher De La Fraze,,
555546502,FR,FR,Schersand,,
555546923,FR,FR,Mares A Amphibiens,,
555559692,FR,FR,Bois De Rocquigny,,
555546834,FR,FR,La Grande Charme,,
555559558,FR,FR,Sources Petrifiantes De Gimeaux,,
555546848,FR,FR,Le Grundwiese,,
555547087,FR,FR,Foret De Belfahy,,
555546677,FR,FR,Val D'Allier- Les Taillables,,
555546825,FR,FR,Fort De Vacherauville,,
555546716,FR,FR,Prairie De Vaux (La),,
555640041,FR,FR,Vallee Des Saints,,
555547114,FR,FR,Pelouse Du Bois De La Bove,,
555640586,FR,FR,Terril Sainte Marie,,
555640165,FR,FR,Pelouse De Font Trouve - Puy Pialat,,
555546482,FR,FR,Oberes Bruderthal,,
555640096,FR,FR,Les Falaises De Connelles,,
555547101,FR,FR,Espace Naturel Du Four A Pain,,
555640189,FR,FR,Tourbiere De La Fontclare,,
555640022,FR,FR,Coteau De Saint Victor,,
555640577,FR,FR,Gdes Et Ptes Hieres,,
555546873,FR,FR,Fort De Longchamp,,
555640152,FR,FR,Bois De Pente De L'Espinassou,,
555640414,FR,FR,Coussoul D'Ase,,
555546438,FR,FR,Bischenberg (Carriere Hoetzel),,
555546610,FR,FR,Coteau Des Costils,,
555546751,FR,FR,Pres De La Limite (Les),,
555640485,FR,FR,Val Dallier A Azerat Rive Droite,,
555640211,FR,FR,Coteau De Molinas Et Marais De La Haute Cisse,,
555546644,FR,FR,"Marais Des Bergeries, Prairies Des Perches",,
555640402,FR,FR,Chez Landart,,
555546958,FR,FR,Landes De Montendre,2004,
555640609,FR,FR,Etang De La Comtesse,,
555640381,FR,FR,Plaine De La Grimaudiere,,
555640630,FR,FR,Val Tier,,
555640437,FR,FR,Marais Du Village D'En Haut,,
555640235,FR,FR,Bois De La Vieille Vaigue,,
555546754,FR,FR,Etang De Beaumont (L'),,
555546599,FR,FR,Source De La Folie,,
555547029,FR,FR,Le Marais Du Pende,,
555640578,FR,FR,Friche Du Rosselberg,,
555546689,FR,FR,Coteau Du Marleon,,
555546737,FR,FR,Chaumes Du Patouillet (Les),,
555546532,FR,FR,Saint-Jean,,
555546766,FR,FR,Meusnes,,
555640216,FR,FR,Prairie Humide,,
555640434,FR,FR,La Rabelle,,
555640223,FR,FR,Le Patis,,
555640482,FR,FR,Vallee De La Borne - Bois De La Valette,,
555546557,FR,FR,Weid,,
555546659,FR,FR,La Cote De La Fontaine,,
555640548,FR,FR,La Burlach,,
555640507,FR,FR,Marais De Saint-Laurent,,
555640547,FR,FR,Le Tremble,,
555546850,FR,FR,La Petite Seille,,
555547023,FR,FR,Les Prairies De Chiry-Ourscamp,,
555547012,FR,FR,Les Prairies Inondables,,
555546938,FR,FR,Val De Charente,,
555546985,FR,FR,Bois De La Bougriere,,
555640202,FR,FR,Puy Du Tour,,
555640251,FR,FR,Le Larris De Vaux,,
555559586,FR,FR,Toubiere De Goudoffre,,
555546691,FR,FR,Gite De Reproduction De Thiezac,,
555639942,FR,FR,Les Rochers Du Carnaval,,
555640268,FR,FR,Prairies De L'Etang Neuf,,
555546707,FR,FR,Val D'Ambene - Pre Du Bois,,
555546954,FR,FR,Boucles De La Sevre Niortaise,1992,
555639950,FR,FR,Marais De La Combe De Pregigny,,
555546563,FR,FR,Mittlere Au,,
555640287,FR,FR,Presqu'Ile Du Chatelier (La),,
555640055,FR,FR,Cotes De Nerdre,,
555559641,FR,FR,"Carrieres Souterraines """"Les Falloises"""" De Vertus",,
555640450,FR,FR,Val D'Allier- La Chaise,,
555547108,FR,FR,Marais Du Gue De Vailly A Romilly-Sur-Seine,,
555546860,FR,FR,L'Ancienne Saline,,
555546913,FR,FR,Ancien Canal Des Salines,,
555640285,FR,FR,Bois De La Biche,,
555546794,FR,FR,Landes De Bramefan,,
555546831,FR,FR,Haty,,
555640187,FR,FR,Prairies Du Theillaud,,
555640398,FR,FR,Communal Saint-Pierre,,
555640617,FR,FR,Les Roches,,
555639932,FR,FR,Prairies De Pre Corbin,,
555640479,FR,FR,Tourbiere De Grand Champ,,
555640027,FR,FR,Coteau De Legal,,
555640193,FR,FR,Brandes De Courie,,
555546863,FR,FR,Zones Humides D'Erching,,
555546933,FR,FR,Landes Du Moulinel,,
555559660,FR,FR,"Prairies Des """"Sicherons"""" Et Des """"Abimeux"""" A Droyes",,
555546879,FR,FR,Etang De Vigneulles,,
555640131,FR,FR,Pic Saint Loup,,
555640647,FR,FR,Champ Du Bois Banal,,
555640183,FR,FR,Tourbiere De Puy La Dama,,
555546542,FR,FR,Lochfeld,,
555547061,FR,FR,Prairies De Bel Air/Les Essarts,,
555639933,FR,FR,Prevital,,
555547079,FR,FR,Barcaggio,,
555559559,FR,FR,Prairies Du Ruisseau De Vignols,,
555546741,FR,FR,Grands Marais (Les),,
555546882,FR,FR,Marais De La Prale,,
555640392,FR,FR,Petite Prairie De Saint-Yrieix,,
555640072,FR,FR,Marais Sale De St-Beauzire,,
555547128,FR,FR,Lac De Lorlanges,,
555640067,FR,FR,Aeussere Riedmatten,,
555640203,FR,FR,Lande De La Cascade Des Moulines,,
555547092,FR,FR,Tourbiere Du Lac De Bonlieu,,
555546515,FR,FR,Elschberg,,
555559704,FR,FR,Pelouse Des Chouilleux,,
555546650,FR,FR,Gatine Beauchet,,
555640188,FR,FR,Lande Des Tuileries De Forgeas,,
555546912,FR,FR,La Moutiere,,
555640422,FR,FR,"Prairie Du """"Pont De Seuillon"""" A Lanques-Sur-Rognon",,
555547076,FR,FR,Verger De Villebramar,,
555640619,FR,FR,Tourbiere De Moureze,,
555640320,FR,FR,Vallee Au Lievre,,
555546746,FR,FR,Prairies Du Montet (Les),,
555546597,FR,FR,Rives De L'Ardoux,,
555559651,FR,FR,"Val D'Allier -Les Toises, Malmouche",,
555640396,FR,FR,Coteaux De Marsac Mc,,
555640068,FR,FR,G'Fell,,
555546581,FR,FR,Heyssel,,
555546885,FR,FR,Zone Tufeuse,,
555640505,FR,FR,Noues De Letanne Et Des Douces Terres,,
555546797,FR,FR,Lande De Massaloux,,
555546657,FR,FR,Les Coteaux De Saint-Adrien,,
555640655,FR,FR,Au Muret,,
555547021,FR,FR,La Pierre Glissoire,,
555559560,FR,FR,La Sablonniere,,
555559650,FR,FR,Sources Du Bord De La Couze Pavin,,
555640008,FR,FR,Richhof,,
555546567,FR,FR,Russenlager,,
555640369,FR,FR,Brandes D'Haims,,
555640180,FR,FR,Bois Sur Pente De L'Esclos,,
555559642,FR,FR,Boisement Compensatoire Du Petit Etang A Eclaires,,
555640030,FR,FR,La Garde - Merigon,,
555640050,FR,FR,Tourbiere De Gamet,,
555547055,FR,FR,Collet Des Preires,,
555546779,FR,FR,Bois Sur Pente Du Moulin De Bledou,,
555546580,FR,FR,Stockacker,,
555546458,FR,FR,Waldbrunnen (Fronholz),,
555546999,FR,FR,Le Grand Marais,,
555640336,FR,FR,Prairies Des Chenevieres (Les),,
555640019,FR,FR,Coteau De Castelmerle,,
555640123,FR,FR,Marais Des Goureux,,
555640029,FR,FR,Butte De Lot,,
555640463,FR,FR,Val Dallier A Azerat Rive Gauche,,
555546829,FR,FR,Neuf-Etang,,
555546652,FR,FR,Vallee Bridard,,
555640161,FR,FR,Lande Du Barrot,,
555546911,FR,FR,Col De Sapois,,
555546565,FR,FR,Kopp,,
555640307,FR,FR,Les Larris D'Auteuil,,
555639973,FR,FR,Hundsbrunnen,,
555640197,FR,FR,Tourbiere De Goutte Negre,,
555546541,FR,FR,Bruehly,,
555546444,FR,FR,Bischenberg (Kritt),,
555640275,FR,FR,Gravieres De Spoy,,
555640558,FR,FR,Cote De La Brebis,,
555640064,FR,FR,Holiesel,,
555559705,FR,FR,"Marais Tufeux De """"La Fontaine Aux Chevres"""" A Colmier-Le-Haut",,
555546768,FR,FR,Marais De Mignerette (Le),,
555640151,FR,FR,Etang Des Oussines,,
555546447,FR,FR,Eckmatt,,
555546681,FR,FR,Val D'Allier- Les Jelines,,
555559724,FR,FR,Auf Der Steinerne Bruecke,,
555640536,FR,FR,Marais Des Vanneaux,,
555640077,FR,FR,Megaphorbiaie De La Renaudais,,
555640556,FR,FR,Sous Les Cotes Et La Cote De Lis,,
555640109,FR,FR,Friche De Luzinay,,
555546634,FR,FR,Grande Malavere,,
555546698,FR,FR,Val D'Allier- Amont De Lourse,,
555546526,FR,FR,Obermatt,,
555546715,FR,FR,Brandes De Bellebouche (Les),,
555640014,FR,FR,Wolfsacker,,
555547009,FR,FR,Le Marais De Comporte,,
555640587,FR,FR,Prairies De Moustier-En-Fagne,,
555640308,FR,FR,Le Marais Chantraine,,
555640052,FR,FR,Val D'Allier- Les Sabots De Bois,,
555640634,FR,FR,Marais De Cottin,,
555559716,FR,FR,Prairies De La Vallee De L'Aisne (08) - La Lisiere Et L'Armageat (St-Lambert-Et-Mont-De-Jeux),,
555640257,FR,FR,Pres Gauthier,,
555546507,FR,FR,Geissenrieth,,
555559706,FR,FR,"Prairies Des """"Seulx"""" Et Des """"Pres Aux Moines"""" A Coiffy-Le-Bas",,
555639992,FR,FR,Boehlgasse,,
555640311,FR,FR,Le Coteau De Bellevue,,
555640572,FR,FR,Wiesenaht,,
555546664,FR,FR,Massif Des Couriasses,,
555546479,FR,FR,Goldbuch,,
555546495,FR,FR,Junker Bruch Ouest,,
555546910,FR,FR,Tourbiere Du Grand Etang,,
555640538,FR,FR,Entre Deux Voies,,
555640408,FR,FR,Sagnes Du Plateau De Bayard,,
555547047,FR,FR,Le Cul De La Lampe,,
555546734,FR,FR,Bosquets De Seris (Les),,
555639948,FR,FR,Le Vert Louret,,
555546769,FR,FR,Bois Des Roches (Le),,
555546693,FR,FR,Volcan Du Mont-Bar,,
555546435,FR,FR,Sang,,
555640071,FR,FR,Lautermatten,,
555640349,FR,FR,Etang De Boutache,,
555559733,FR,FR,Prairie De La Louviere,,
555547109,FR,FR,Pelouse De Barrat,,
555546647,FR,FR,"Bressus, Pont Jacquin",,
555640305,FR,FR,Les Marais Communaux,,
555559700,FR,FR,Roseliere De La Barraque,,
555547135,FR,FR,Grenier De Toucy,,
555640591,FR,FR,Les Ires,,
555559658,FR,FR,Megaphorbiaie De Verneuil,,
555546497,FR,FR,Sauermatt,,
555546662,FR,FR,Le Chemin,,
555640075,FR,FR,Sources Des Saladis,,
555559655,FR,FR,Gite De Reproduction De Chateauneuf,,
555546812,FR,FR,La Bouyere,,
555546649,FR,FR,Marais Des Comailles,,
555547051,FR,FR,Sagne De Correo,,
555546656,FR,FR,Cote De L'Etang,,
555559740,FR,FR,Boisement Compensatoire De Sivry-Ante,,
555546951,FR,FR,Marais De Saint-Augustin-Les-Mathes,,
555639975,FR,FR,Terril Fernand,,
555639954,FR,FR,Eichmatt,,
555640040,FR,FR,Coteau Du Puy-St-Jean,,
555640598,FR,FR,Coteau Des Altesses,,
555547064,FR,FR,Mollairon,,
555640062,FR,FR,Bois De Pitrot,,
555546745,FR,FR,Plateau De Chabris (Le),,
555640056,FR,FR,Val De Loire - Port Saint Aubin,,
555546651,FR,FR,Pres Beauchet,,
555546732,FR,FR,Marniere Saint Nicolas (La),,
555546600,FR,FR,Alpage Et Falaise Du Bargy,,
555546722,FR,FR,Luneaux (Les),,
555546833,FR,FR,Bannstein,,
555547105,FR,FR,Prairies De La Vallee De L'Aisne (08) - Les Dix Fauchees (Vouziers),,
555640081,FR,FR,Lande Du Gue Safray,,
555546439,FR,FR,Bischenberg (Steingasse),,
555546471,FR,FR,Neumatt,,
555639997,FR,FR,Wasen,,
555559652,FR,FR,Sources De Chaumont Sud Et Environs,,
555547133,FR,FR,Rnn - Les Pelouses De La Ferme Neuve,1995,
555640533,FR,FR,Cruet-Ferroux,,
555547077,FR,FR,Corridor De L'Ousse-Des-Bois,,
555640032,FR,FR,Condomine - Mirepoix,,
555546531,FR,FR,Etang Du Pre Fave,,
555640061,FR,FR,Val De Loire - Ile Des Goupys,,
555546921,FR,FR,Pelouse Du Bannie,,
555640454,FR,FR,Bois Des Gorges Du Lion,,
555547112,FR,FR,Pelouse Du Moulin A Vent,,
555640060,FR,FR,Val D'Allier - Ile De Ray,,
555546752,FR,FR,Prairies De Choisille (Les),,
555546702,FR,FR,Marais Et Source Du Sail,,
555640018,FR,FR,Graves Du Larus,,
555547129,FR,FR,Chaux De La Rodde,,
555640296,FR,FR,Les Pelouses De L'Epine,,
555640456,FR,FR,Grotte De La Denise Et Environs,,
555547106,FR,FR,Prairies Des Vallees De La Meuse Et De La Chiers (08) - La Culee Bouteille,,
555640136,FR,FR,Bessan,,
555640258,FR,FR,Les Meneuvres,,
555546728,FR,FR,Pont (Le),,
555640148,FR,FR,Tourbiere De Mallety,,
555640173,FR,FR,Marais Du Chancelier,,
555640494,FR,FR,Sources De Chassole,,
555546453,FR,FR,Erlen & Erlenmatten,,
555546499,FR,FR,Buehl,,
555546767,FR,FR,Chatillon Sur Cher,,
555639946,FR,FR,Les Pres De Menetreuil,,
555546462,FR,FR,Auf Den Unfueg,,
555639961,FR,FR,Oelberg,,
555546760,FR,FR,Puy Besnard (Le),,
555546566,FR,FR,Auf Der Hardt,,
555640038,FR,FR,Puy De Mur,,
555559562,FR,FR,Fronholz,,
555640455,FR,FR,Zone Humide D'Emat,,
555559639,FR,FR,"Prairies Des Vallees De La Meuse Et De La Chiers (08) - Petites Aisances, Les Bannets Et La Bonne",,
555546947,FR,FR,Coteau De La Riviere,,
555559728,FR,FR,Ancienne Carriere De Saint-Cricq,,
555640221,FR,FR,Etang Du Moulin,,
555640608,FR,FR,Prairie De La Seille,,
555640108,FR,FR,Tufiere De Montalieu,,
555640446,FR,FR,Culture De La Combe Charton,,
555546782,FR,FR,Bois Du Baracou,,
555546866,FR,FR,Cote Des Moineaux,,
555640134,FR,FR,Tresserre,,
555546519,FR,FR,Unter Rheinfeld,,
555547014,FR,FR,La Cavite Du Larris Millet,,
555640526,FR,FR,Pont Sapin,,
555546836,FR,FR,Le Cuvegney,,
555546516,FR,FR,Crastweg,,
555546813,FR,FR,Les Grands Roseaux,,
555547122,FR,FR,"Prairie De """"Pas De L'Ane"""" A Langres",,
555640017,FR,FR,Vallon Du Clamonde,,
555559690,FR,FR,Marais D'Avioth,,
555546696,FR,FR,Jasserie Des Chaumettes Et Environs,,
555640226,FR,FR,Etang De Doncourt,,
555640605,FR,FR,Croix Saint Marc,,
555640224,FR,FR,Notre-Dame Des Gouttes,,
555640339,FR,FR,Vallee Des Cailles (La),,
555546528,FR,FR,Biberbach,,
555640331,FR,FR,Frilliere (La),,
555546740,FR,FR,Ethouars (Les),,
555640293,FR,FR,Le Marais Et La Grande Prairie,,
555640284,FR,FR,Bois Des Fontenottes,,
555546534,FR,FR,Brunnstubenmatten,,
555546573,FR,FR,Muhlberg,,
555640484,FR,FR,Val D'Allier A Vergongheon,,
555546761,FR,FR,Colline (La),,
555640125,FR,FR,Camp De Rose - Gorges Du Tarn,,
555640567,FR,FR,Stribbahrr,,
555546865,FR,FR,Plateau De Beauregard,,
555559561,FR,FR,Baechtrettel,,
555640213,FR,FR,Pelouses De Bois Loiseau,,
555546871,FR,FR,Caves Du Rudemont,,
555640350,FR,FR,Les Pres A Pions,,
555546518,FR,FR,Kohlmatt,,
555546454,FR,FR,Bannmatten,,
555546993,FR,FR,Vallee De La Longere,,
555546616,FR,FR,Montagne De La Chaume,,
555546937,FR,FR,Chez Verdu,,
555639947,FR,FR,"Pre De Charvet, Le Fraquet",,
555546773,FR,FR,Tourbiere Du Petit Moulin,,
555559637,FR,FR,Dame De Grezeyroux,,
555640282,FR,FR,Les Chassagnes,,
555547016,FR,FR,Le Mont Cesar,,
555640461,FR,FR,Val D'Allier A Nonette,,
555640510,FR,FR,Marais Du Bruch,,
555640132,FR,FR,Montcalm,,
555546441,FR,FR,Bischenberg (Seifensieder),,
555640520,FR,FR,Crosagny-Braille,,
555639987,FR,FR,Kreisleeren,,
555547025,FR,FR,Les Larris De Lannoy-Cuillere,,
555546633,FR,FR,Planche Bernard,,
555640483,FR,FR,Val D'Allier A Beauregard-L'Evoque,,
555546983,FR,FR,Falunieres De Moulin-Pochas,,
555547017,FR,FR,Le Marais De Bourneville,,
555559744,FR,FR,Caves Du Tranger (Les),,
555639945,FR,FR,La Grande Isle,,
555639986,FR,FR,Neudoerfel,,
555640376,FR,FR,Coteau De Beau Peu,,
555640034,FR,FR,Sarrat De Dessus - Antras,,
555640621,FR,FR,Pre Du Gex,,
555546624,FR,FR,Ile De Brain,,
555640011,FR,FR,Grittlach,,
555546811,FR,FR,Cote Du Rudemont-La Cote,,
555547037,FR,FR,Notre-Dame De Vaux,,
555640357,FR,FR,Carriere De La Marbriere,,
555640272,FR,FR,Pelouses Et Prairies De Vievy,,
555639951,FR,FR,Prairies D'Huilly-Sur-Seille,,
555640194,FR,FR,Tourbiere De La Naucodie,,
555640141,FR,FR,Sources Du Taurion,,
555640546,FR,FR,Prairies,,
555640232,FR,FR,Cote Butel,,
555640412,FR,FR,Cabanes Neuves,,
555547085,FR,FR,Les Grands Faings,,
555640263,FR,FR,Ile De La Crevee,,
555559633,FR,FR,"Pelouse Des """"Charmes De Langres"""" A Brennes",,
555546789,FR,FR,Landes Et Tourbiere Du Ruisseau De Berbeyrolle,,
